,Data,Round,HomeTeam,AwayTeam,HT0G,AT0G,HT1G,AT1G,HT2G,AT2G,GEHT1T,GEAT1T,PBHT1T,PBAT1T,TGHT1T,TGAT1T,CGHT1T,CGAT1T,CFHT1T,CFAT1T,FCHT1T,FCAT1T,EHT1T,EAT1T,IHT1T,IAT1T,LCHT1T,LCAT1T,DGHT1T,DGAT1T,FHT1T,FAT1T,CVHT1T,CVAT1T,CAHT1T,CAAT1T,PTHT1T,PTAT1T,DHT1T,DAT1T,AHT1T,AAT1T,APHT1T,APAT1T,BACHT1T,BACAT1T
0,21.04.2024,RODADA 34,Fulham,Liverpool,1,3,1,1,0,2,0.43,0.48,34%,66%,7,7,3,2,4,5,5,4,1,3,0,0,6,8,1,2,4,5,0,0,2,0,160,322,5,6,34,53,16,25,7,4
1,21.04.2024,RODADA 34,Aston Villa,Bournemouth,3,1,1,1,2,0,0.70,0.94,64%,36%,7,7,1,2,6,5,8,3,2,3,2,2,11,4,1,0,2,6,0,0,0,2,253,140,9,6,36,25,21,18,4,11
2,21.04.2024,RODADA 34,Crystal Palace,West Ham,5,2,4,1,1,1,2.09,1.28,65%,35%,13,3,5,1,8,2,9,4,3,0,0,2,14,6,0,1,5,7,0,0,2,2,320,171,13,13,66,43,31,18,7,10
3,21.04.2024,RODADA 34,Everton,Nottingham,2,0,1,0,1,0,0.10,0.33,42%,58%,3,5,2,3,1,2,5,8,4,4,0,0,10,10,3,1,9,5,0,0,0,0,206,297,7,1,47,43,23,16,8,10
4,20.04.2024,RODADA 34,Wolverhampton,Arsenal,0,2,0,1,0,1,0.11,0.46,48%,52%,3,8,2,4,1,4,4,6,0,0,0,0,2,10,3,2,6,4,0,0,2,2,259,276,12,4,39,62,9,36,9,4
5,20.04.2024,RODADA 34,Luton,Brentford,1,5,0,2,1,3,0.16,1.18,56%,44%,4,9,2,3,2,6,2,4,2,5,0,0,8,10,1,2,3,3,0,0,0,1,224,168,7,11,54,45,31,25,18,16
6,20.04.2024,RODADA 34,Sheffield Utd,Burnley,1,4,0,2,1,2,1.33,0.63,47%,53%,8,9,5,4,3,5,5,7,4,1,1,1,11,11,2,5,6,4,0,0,0,0,209,241,12,13,48,42,26,24,11,13
7,15.04.2024,RODADA 33,Chelsea,Everton,6,0,4,0,2,0,1.39,1.18,63%,37%,8,4,5,1,3,3,13,3,1,5,0,3,7,7,1,1,3,12,0,0,1,2,278,151,2,10,49,59,19,31,11,2
8,14.04.2024,RODADA 33,Arsenal,Aston Villa,0,2,0,0,0,2,1.15,0.29,56%,44%,14,6,3,0,11,6,2,6,2,0,2,0,7,9,0,3,4,3,0,0,2,1,250,195,12,9,53,33,39,12,6,5
9,14.04.2024,RODADA 33,Liverpool,Crystal Palace,0,1,0,1,0,0,1.00,1.18,63%,37%,7,6,3,4,4,2,7,6,3,0,2,4,10,12,3,3,4,4,0,0,0,0,350,208,10,18,80,48,26,12,6,9
10,14.04.2024,RODADA 33,West Ham,Fulham,0,2,0,1,0,1,0.83,1.30,55%,45%,12,10,3,6,9,4,4,7,4,1,1,0,10,2,5,3,3,7,0,0,0,0,265,226,6,6,67,35,44,15,5,18
11,13.04.2024,RODADA 33,Bournemouth,Manchester Utd,2,2,2,1,0,1,1.16,0.31,39%,61%,12,5,5,1,7,4,6,7,1,1,1,2,11,6,0,3,7,4,0,0,1,0,183,287,11,5,40,63,20,17,7,7
12,13.04.2024,RODADA 33,Brentford,Sheffield Utd,2,0,0,0,2,0,0.88,0.30,54%,46%,6,3,3,1,3,2,8,5,1,2,1,1,11,7,1,3,4,7,0,0,2,1,213,182,4,7,59,37,29,20,11,8
13,13.04.2024,RODADA 33,Burnley,Brighton,1,1,0,0,1,1,1.31,0.40,52%,48%,5,9,0,5,5,4,6,10,2,2,1,2,5,5,5,0,9,3,0,0,1,0,247,233,10,9,62,38,31,17,7,11
14,13.04.2024,RODADA 33,Manchester City,Luton,5,1,1,0,4,1,1.90,0.00,76%,24%,19,0,6,0,13,0,3,4,10,1,0,0,4,3,0,5,4,3,0,0,1,0,382,125,10,8,78,17,66,7,3,23
15,13.04.2024,RODADA 33,Nottingham,Wolverhampton,2,2,1,1,1,1,0.57,0.32,42%,58%,9,6,3,2,6,4,8,5,5,0,1,1,9,8,1,2,4,7,0,0,0,2,199,285,5,8,49,42,32,15,4,14
16,13.04.2024,RODADA 33,Newcastle,Tottenham,4,0,2,0,2,0,1.83,0.51,33%,67%,10,5,2,1,8,4,8,7,10,1,1,1,8,8,1,0,8,6,0,0,0,1,105,225,7,9,40,47,27,23,8,8
17,07.04.2024,RODADA 32,Tottenham,Nottingham,3,1,1,1,2,0,0.78,0.83,65%,35%,8,7,2,4,6,3,6,4,5,2,0,1,5,8,3,1,4,5,0,0,1,1,328,178,5,3,69,31,47,11,7,14
18,07.04.2024,RODADA 32,Sheffield Utd,Chelsea,2,2,1,1,1,1,0.39,0.22,27%,73%,5,3,4,1,1,2,6,4,2,1,0,0,5,8,0,3,4,6,0,0,0,1,148,419,4,3,57,66,15,20,6,8
19,07.04.2024,RODADA 32,Manchester Utd,Liverpool,2,2,0,1,2,1,0,0,43%,57%,0,14,0,4,0,10,5,4,3,8,2,1,5,13,3,0,2,4,0,0,0,1,195,253,18,7,35,63,19,42,11,7
20,06.04.2024,RODADA 32,Brighton,Arsenal,0,3,0,1,0,2,0.25,2.03,42%,58%,6,9,1,2,5,7,5,6,2,3,2,1,5,6,1,1,6,5,0,0,0,0,208,286,13,5,32,47,11,41,10,4
21,06.04.2024,RODADA 32,Aston Villa,Brentford,3,3,1,0,2,3,0.39,0.07,75%,25%,4,2,1,0,3,2,12,3,7,0,0,3,6,4,0,0,4,7,0,0,0,1,304,98,4,3,58,31,42,12,6,8
22,06.04.2024,RODADA 32,Everton,Burnley,1,0,1,0,0,0,0.26,0.35,41%,59%,5,4,1,1,4,3,6,9,2,2,4,1,14,10,1,0,5,5,0,0,2,0,147,224,16,9,63,46,30,16,11,15
23,06.04.2024,RODADA 32,Fulham,Newcastle,0,1,0,0,0,1,1.04,0.09,71%,29%,10,2,3,0,7,2,9,3,6,0,0,2,7,2,0,3,4,7,0,0,0,1,336,139,10,5,76,35,52,13,1,15
24,06.04.2024,RODADA 32,Luton,Bournemouth,2,1,0,0,2,1,0.19,0.16,53%,47%,4,5,0,0,4,5,5,6,5,1,0,0,9,7,0,0,5,6,0,0,0,0,193,178,7,7,61,38,22,18,10,12
25,06.04.2024,RODADA 32,Wolverhampton,West Ham,1,2,1,0,0,2,1.57,0.03,64%,36%,11,2,6,0,5,2,3,7,3,1,1,0,12,12,0,5,7,4,0,0,1,1,342,179,12,15,44,42,25,11,4,5
26,06.04.2024,RODADA 32,Crystal Palace,Manchester City,2,4,1,1,1,3,0.82,0.86,24%,76%,3,9,1,5,2,4,4,4,1,7,1,1,3,13,4,0,3,3,0,0,0,1,125,395,9,3,31,82,12,46,15,7
27,04.04.2024,RODADA 31,Chelsea,Manchester Utd,4,3,2,2,2,1,1.42,0.91,47%,53%,11,13,4,4,7,9,6,6,5,1,2,0,5,8,2,2,4,7,0,0,2,0,210,244,4,8,42,59,19,17,5,7
28,04.04.2024,RODADA 31,Liverpool,Sheffield Utd,3,1,1,0,2,1,0.60,0.53,83%,17%,14,3,5,2,9,1,4,4,3,1,0,1,8,4,2,4,4,3,0,0,0,0,406,84,6,10,71,30,48,6,2,18
29,03.04.2024,RODADA 31,Manchester City,Aston Villa,4,1,2,1,2,0,1.29,0.25,65%,35%,10,3,5,1,5,2,6,4,1,1,1,1,7,3,0,3,4,5,0,0,1,1,335,179,8,7,73,22,61,11,4,15
30,03.04.2024,RODADA 31,Arsenal,Luton,2,0,2,0,0,0,0.85,0.10,63%,37%,11,2,3,1,8,1,4,6,2,0,0,1,11,6,1,1,6,3,0,0,0,0,350,202,7,6,56,28,32,11,3,11
31,03.04.2024,RODADA 31,Brentford,Brighton,0,0,0,0,0,0,0.44,0.27,35%,65%,3,9,2,3,1,6,7,5,0,4,2,0,2,5,3,2,3,7,0,0,0,0,203,366,6,6,40,64,15,46,10,3
32,02.04.2024,RODADA 31,West Ham,Tottenham,1,1,1,1,0,0,0.60,0.45,30%,70%,5,4,2,2,3,2,3,6,6,3,1,0,8,8,1,1,7,4,0,0,0,1,138,342,7,14,40,56,25,31,10,10
33,02.04.2024,RODADA 31,Bournemouth,Crystal Palace,1,0,0,0,1,0,0.51,0.10,53%,47%,6,2,2,2,4,0,9,4,5,0,0,2,11,13,2,2,4,7,0,0,0,1,224,205,9,15,60,48,25,19,7,13
34,02.04.2024,RODADA 31,Burnley,Wolverhampton,1,1,1,1,0,0,0.48,0.59,49%,51%,5,5,2,1,3,4,7,5,1,3,0,1,10,5,0,1,5,6,0,0,0,0,230,237,8,10,59,36,27,18,7,10
35,02.04.2024,RODADA 31,Newcastle,Everton,1,1,1,0,0,1,1.48,0.49,62%,38%,10,4,4,1,6,3,6,4,4,0,0,0,8,13,1,3,4,6,0,0,0,0,289,186,12,11,52,48,38,22,7,11
36,02.04.2024,RODADA 31,Nottingham,Fulham,3,1,3,0,0,1,1.20,0.32,37%,63%,8,5,4,1,4,4,3,3,3,1,0,0,12,6,1,1,3,3,0,0,0,0,184,320,3,9,35,63,10,30,11,12
37,31.03.2024,RODADA 30,Manchester City,Arsenal,0,0,0,0,0,0,0.50,0.50,72%,28%,3,4,1,1,2,3,9,5,2,2,1,1,7,5,1,1,3,8,0,0,0,0,347,134,7,3,70,27,43,12,3,7
38,31.03.2024,RODADA 30,Liverpool,Brighton,2,1,1,1,1,0,1.14,0.16,57%,43%,14,3,4,1,10,2,5,16,4,2,4,2,9,1,0,3,11,4,0,0,1,1,289,217,6,14,62,28,37,12,4,12
39,30.03.2024,RODADA 30,Brentford,Manchester Utd,1,1,0,0,1,1,0.83,0.10,45%,55%,14,3,1,1,13,2,6,2,9,1,0,1,4,5,1,1,2,5,0,0,1,1,187,258,10,8,46,55,37,22,6,14
40,30.03.2024,RODADA 30,Aston Villa,Wolverhampton,2,0,1,0,1,0,0.27,0.79,50%,50%,4,7,2,2,2,5,7,7,1,2,0,1,4,10,2,1,6,6,0,0,1,1,218,222,7,10,43,41,20,34,5,7
41,30.03.2024,RODADA 30,Bournemouth,Everton,2,1,0,0,2,1,0.51,0.41,48%,52%,6,3,2,1,4,2,10,10,5,4,0,2,8,12,1,2,10,8,0,0,1,1,172,189,8,10,47,52,21,25,11,16
42,30.03.2024,RODADA 30,Chelsea,Burnley,2,2,1,0,1,2,2.66,0.40,62%,38%,16,11,7,3,9,8,2,9,7,2,1,0,6,4,3,6,9,5,0,2,2,3,256,157,4,4,55,37,30,31,6,6
43,30.03.2024,RODADA 30,Nottingham,Crystal Palace,1,1,0,1,1,0,0.15,0.89,57%,43%,5,5,1,2,4,3,5,9,2,3,2,0,15,8,1,1,7,5,0,0,0,0,274,211,7,9,56,60,19,23,5,19
44,30.03.2024,RODADA 30,Sheffield Utd,Fulham,3,3,0,0,3,3,0.22,0.47,26%,74%,4,8,1,3,3,5,7,6,1,2,1,0,5,8,3,1,4,7,0,0,0,0,121,323,10,5,30,67,14,22,15,6
45,30.03.2024,RODADA 30,Tottenham,Luton,2,1,0,1,2,0,1.25,0.32,73%,27%,7,4,1,1,6,3,3,8,2,3,0,0,17,7,0,1,9,6,0,0,0,2,340,116,6,7,61,22,41,10,5,12
46,30.03.2024,RODADA 30,Newcastle,West Ham,4,3,1,2,3,1,1.46,0.77,62%,38%,12,6,4,3,8,3,5,5,1,2,0,1,6,7,1,3,5,5,0,0,0,1,271,160,10,10,55,31,26,18,4,8
47,17.03.2024,RODADA 29,West Ham,Aston Villa,1,1,1,0,0,1,1.11,0.14,37%,63%,9,4,3,2,6,2,5,9,4,2,3,2,5,11,2,2,5,3,0,0,0,0,157,317,8,9,44,48,27,20,5,11
48,16.03.2024,RODADA 29,Fulham,Tottenham,3,0,1,0,2,0,0.98,0.53,42%,58%,7,5,3,1,4,4,5,5,2,3,0,1,11,10,1,2,5,4,0,0,0,0,199,292,14,6,43,61,28,30,4,12
49,16.03.2024,RODADA 29,Burnley,Brentford,2,1,1,0,1,1,2.11,0.60,61%,39%,7,3,2,2,5,1,6,11,3,1,2,2,5,10,2,1,9,5,0,1,0,0,234,153,5,13,55,42,40,16,5,11
50,16.03.2024,RODADA 29,Luton,Nottingham,1,1,0,1,1,0,0.13,0.89,58%,42%,4,6,2,3,2,3,6,7,2,1,1,0,6,7,2,2,6,6,0,0,1,0,235,167,5,13,65,39,27,10,2,8
51,13.03.2024,RODADA 17,Bournemouth,Luton,4,3,0,3,4,0,0.86,1.50,61%,39%,11,4,3,3,8,1,3,3,6,2,0,0,14,6,0,3,3,3,0,0,0,1,237,161,8,10,63,40,43,12,9,22
52,11.03.2024,RODADA 28,Chelsea,Newcastle,3,2,1,1,2,1,0.62,0.43,42%,58%,7,5,4,1,3,4,3,5,0,1,1,2,7,13,0,3,6,1,0,0,1,0,190,253,16,9,22,64,9,27,8,4
53,10.03.2024,RODADA 28,Liverpool,Manchester City,1,1,0,1,1,0,0.46,1.35,53%,47%,7,7,1,4,6,3,5,7,0,4,5,1,10,8,3,1,2,4,0,0,0,1,310,265,12,7,74,63,20,32,9,3
54,10.03.2024,RODADA 28,Brighton,Nottingham,1,0,1,0,0,0,0.35,0.13,63%,37%,7,3,2,1,5,2,9,6,3,1,0,1,4,9,1,1,6,8,0,0,1,2,334,193,2,3,62,30,26,18,5,14
55,10.03.2024,RODADA 28,West Ham,Burnley,2,2,0,2,2,0,0.08,0.08,49%,51%,3,4,0,2,3,2,8,9,0,1,3,2,14,12,0,0,6,6,0,0,1,0,241,249,7,9,55,48,18,14,9,5
56,10.03.2024,RODADA 28,Aston Villa,Tottenham,0,4,0,0,0,4,0.54,0.03,31%,69%,5,1,0,0,5,1,9,9,2,1,3,1,9,10,0,0,6,8,0,0,0,1,137,314,12,12,27,70,15,30,9,4
57,09.03.2024,RODADA 28,Arsenal,Brentford,2,1,1,1,1,0,0.51,0.39,72%,28%,7,4,3,2,4,2,3,6,2,1,1,1,3,3,1,2,6,3,0,0,2,2,321,126,3,6,61,32,42,14,0,15
58,09.03.2024,RODADA 28,Bournemouth,Sheffield Utd,2,2,0,1,2,1,1.77,0.93,69%,31%,13,8,5,7,8,1,7,8,3,2,1,0,5,9,6,5,7,8,0,0,2,1,316,142,4,5,73,38,52,17,9,18
59,09.03.2024,RODADA 28,Crystal Palace,Luton,1,1,1,0,0,1,1.00,0.10,54%,46%,9,3,2,0,7,3,6,8,5,3,0,0,9,12,0,1,8,6,0,0,1,1,222,182,9,4,48,50,27,17,7,7
60,09.03.2024,RODADA 28,Wolverhampton,Fulham,2,1,0,0,2,1,0.03,1.01,56%,44%,1,8,0,3,1,5,3,5,1,3,2,0,11,4,3,0,3,3,0,0,1,0,280,220,4,11,54,41,22,18,8,5
61,09.03.2024,RODADA 28,Manchester Utd,Everton,2,0,2,0,0,0,2.19,1.17,53%,47%,9,11,5,2,4,9,6,6,2,5,2,1,8,6,2,3,5,7,0,0,0,2,225,183,5,8,31,49,17,26,9,6
62,04.03.2024,RODADA 27,Sheffield Utd,Arsenal,0,6,0,5,0,1,0.03,1.67,20%,80%,1,16,0,7,1,9,5,8,0,3,2,1,5,9,2,0,6,3,0,0,1,0,113,452,10,1,27,89,3,58,18,5
63,03.03.2024,RODADA 27,Manchester City,Manchester Utd,3,1,0,1,3,0,2.70,0.19,74%,26%,18,2,3,1,15,1,2,2,12,2,0,0,8,3,0,3,2,2,0,0,0,0,382,136,0,12,89,26,89,15,3,25
64,03.03.2024,RODADA 27,Burnley,Bournemouth,0,2,0,1,0,1,1.29,0.53,75%,25%,13,5,4,1,9,4,8,4,4,1,1,2,13,11,0,4,3,6,0,0,1,2,292,97,9,9,64,30,49,9,7,29
65,02.03.2024,RODADA 27,Luton,Aston Villa,2,3,0,2,2,1,0.06,1.42,44%,56%,3,10,0,6,3,4,8,6,1,6,1,0,1,8,4,0,6,8,0,0,1,2,183,243,5,5,43,33,18,19,7,11
66,02.03.2024,RODADA 27,Brentford,Chelsea,2,2,0,1,2,1,0.54,1.27,28%,72%,4,8,1,3,3,5,6,3,0,3,1,2,9,7,2,1,2,5,0,0,0,1,142,373,8,12,38,83,10,19,8,2
67,02.03.2024,RODADA 27,Everton,West Ham,1,3,0,0,1,3,1.10,0.37,56%,44%,5,5,2,1,3,4,3,6,2,3,0,0,13,10,1,2,6,5,0,0,0,0,247,193,5,12,59,54,30,21,10,18
68,02.03.2024,RODADA 27,Fulham,Brighton,3,0,2,0,1,0,0.20,0.13,29%,71%,4,4,3,1,1,3,5,9,0,0,1,1,6,8,1,1,11,6,0,0,0,1,151,377,9,8,43,63,16,22,4,8
69,02.03.2024,RODADA 27,Newcastle,Wolverhampton,3,0,2,0,1,0,1.55,0.27,37%,63%,8,5,4,0,4,5,4,5,1,3,0,2,10,10,0,2,5,2,0,0,0,0,190,310,10,4,42,50,15,38,6,4
70,02.03.2024,RODADA 27,Nottingham,Liverpool,0,1,0,0,0,1,0.63,0.53,27%,73%,3,8,1,0,2,8,5,9,1,3,2,1,20,13,0,1,7,5,0,0,0,0,135,359,11,10,40,91,13,33,9,3
71,02.03.2024,RODADA 27,Tottenham,Crystal Palace,3,1,0,0,3,1,1.10,0.41,82%,18%,2,3,1,0,1,3,11,8,4,1,2,3,8,3,0,1,6,8,0,0,0,0,447,91,6,7,68,28,48,12,6,12
72,26.02.2024,RODADA 26,West Ham,Brentford,4,2,2,1,2,1,0.99,0.12,43%,57%,14,2,3,1,11,1,8,4,0,2,2,3,10,16,0,1,2,5,0,0,0,1,203,270,8,13,68,49,31,28,16,11
73,25.02.2024,RODADA 26,Wolverhampton,Sheffield Utd,1,0,1,0,0,0,0.96,0.24,70%,30%,8,4,1,2,7,2,1,3,3,1,1,0,8,4,2,0,1,2,0,0,0,0,345,158,11,8,67,34,33,12,6,13
74,24.02.2024,RODADA 26,Arsenal,Newcastle,4,1,2,0,2,1,1.47,0.00,64%,36%,11,0,4,0,7,0,6,11,6,0,2,2,5,9,0,2,9,3,0,0,1,0,353,202,7,4,74,17,61,8,4,17
75,24.02.2024,RODADA 26,Bournemouth,Manchester City,0,1,0,1,0,0,0.14,1.43,33%,67%,4,9,2,4,2,5,3,9,2,1,1,0,8,11,3,2,8,3,0,0,1,0,160,321,12,2,34,64,11,29,10,4
76,24.02.2024,RODADA 26,Aston Villa,Nottingham,4,2,3,1,1,1,1.83,0.90,58%,42%,7,4,4,1,3,3,9,6,4,1,1,1,6,9,0,1,5,8,0,0,0,2,238,174,8,13,33,37,24,19,11,6
77,24.02.2024,RODADA 26,Brighton,Everton,1,1,0,0,1,1,0.73,0.00,60%,40%,10,0,3,0,7,0,7,2,8,2,0,1,10,5,0,3,2,7,0,0,0,1,315,212,7,6,40,27,30,19,5,9
78,24.02.2024,RODADA 26,Crystal Palace,Burnley,3,0,0,0,3,0,0.63,0.00,58%,42%,6,0,1,0,5,0,8,8,9,2,6,1,9,5,0,1,3,8,0,1,0,0,232,178,7,4,62,44,38,12,8,17
79,24.02.2024,RODADA 26,Manchester Utd,Fulham,1,2,0,0,1,2,0.38,0.53,50%,50%,8,8,2,3,6,5,6,2,4,6,2,0,3,8,3,2,1,7,0,0,1,3,250,243,8,5,48,50,25,19,8,12
80,21.02.2024,RODADA 26,Liverpool,Luton,4,1,0,1,4,0,1.06,0.82,57%,43%,12,5,3,2,9,3,7,8,7,0,0,1,6,9,1,3,8,7,0,0,0,2,260,191,13,13,64,46,34,17,7,15
81,20.02.2024,RODADA 18,Manchester City,Brentford,1,0,0,0,1,0,1.68,0.32,68%,32%,17,5,6,2,11,3,5,5,6,0,0,2,7,8,2,6,6,2,0,0,1,1,317,150,3,6,71,28,73,16,7,18
82,19.02.2024,RODADA 25,Everton,Crystal Palace,1,1,0,0,1,1,0.35,0.33,51%,49%,6,5,0,2,6,3,6,6,1,4,1,2,11,17,2,0,5,5,0,0,0,0,222,208,9,10,67,56,31,20,14,11
83,18.02.2024,RODADA 25,Luton,Manchester Utd,1,2,1,2,0,0,1.13,1.00,59%,41%,11,8,2,4,9,4,12,5,1,3,1,0,10,6,2,1,4,12,0,0,1,3,263,184,4,6,52,46,27,20,7,8
84,18.02.2024,RODADA 25,Sheffield Utd,Brighton,0,5,0,2,0,3,0.17,2.42,22%,78%,3,13,1,6,2,7,4,4,3,4,2,1,5,8,4,1,2,3,1,0,0,1,111,392,1,8,24,68,16,43,27,6
85,17.02.2024,RODADA 25,Manchester City,Chelsea,1,1,0,1,1,0,0.95,0.72,67%,33%,14,3,2,3,12,0,10,3,4,1,0,2,9,8,2,2,3,9,0,0,0,1,336,164,10,15,65,34,46,8,6,18
86,17.02.2024,RODADA 25,Burnley,Arsenal,0,5,0,2,0,3,0.10,1.07,32%,68%,2,4,0,2,2,2,4,8,1,4,1,1,8,7,0,0,9,3,0,0,2,1,147,317,10,7,39,51,15,28,11,9
87,17.02.2024,RODADA 25,Fulham,Aston Villa,1,2,0,1,1,1,0.38,0.87,52%,48%,6,8,1,2,5,6,6,5,2,4,0,4,8,7,1,1,4,2,0,0,0,1,233,220,6,3,40,31,21,21,8,10
88,17.02.2024,RODADA 25,Newcastle,Bournemouth,2,2,0,0,2,2,0.58,1.16,62%,38%,8,5,2,3,6,2,13,4,1,2,0,1,11,11,3,2,4,11,0,0,0,1,248,139,9,11,45,47,23,15,9,8
89,17.02.2024,RODADA 25,Nottingham,West Ham,2,0,1,0,1,0,1.41,0.40,48%,52%,8,5,5,1,3,4,7,5,1,1,0,0,11,9,1,4,5,7,0,0,2,2,229,244,14,6,39,66,20,29,10,8
90,17.02.2024,RODADA 25,Tottenham,Wolverhampton,1,2,0,1,1,1,0.39,0.64,64%,36%,5,6,0,4,5,2,8,6,4,2,0,1,9,6,3,0,6,7,0,0,0,0,314,172,15,9,71,46,53,26,3,18
91,17.02.2024,RODADA 25,Brentford,Liverpool,1,4,0,1,1,3,0.35,0.90,35%,65%,8,5,3,4,5,1,9,2,0,5,1,0,7,7,3,3,1,9,0,0,1,0,147,263,7,5,42,65,21,30,13,4
92,12.02.2024,RODADA 24,Crystal Palace,Chelsea,1,3,1,0,0,3,0.16,0.07,20%,80%,6,1,3,0,3,1,5,7,0,1,0,2,6,11,0,2,7,3,0,0,0,0,117,458,14,7,31,84,14,42,17,3
93,11.02.2024,RODADA 24,Aston Villa,Manchester Utd,1,2,0,1,1,1,0.73,1.21,58%,42%,10,7,3,1,7,6,8,4,4,6,0,4,10,1,0,3,4,4,0,0,1,2,245,176,4,11,53,25,26,19,10,14
94,11.02.2024,RODADA 24,West Ham,Arsenal,0,6,0,4,0,2,0.01,2.52,28%,72%,1,15,0,7,1,8,4,4,1,6,2,2,9,2,3,0,4,2,0,0,2,0,132,337,15,6,34,69,8,39,14,10
95,10.02.2024,RODADA 24,Nottingham,Newcastle,2,3,2,2,0,1,1.09,0.44,30%,70%,3,5,2,4,1,1,2,5,1,3,0,0,13,10,2,0,7,3,0,0,0,0,158,309,6,6,37,58,21,26,11,13
96,10.02.2024,RODADA 24,Fulham,Bournemouth,3,1,2,0,1,1,0.73,1.01,58%,42%,5,9,4,1,1,8,8,5,0,2,1,0,10,7,1,2,4,7,0,0,0,0,298,216,8,10,63,56,27,19,5,11
97,10.02.2024,RODADA 24,Liverpool,Burnley,3,1,1,1,2,0,0.88,0.35,69%,31%,9,6,4,3,5,3,3,5,3,2,0,1,9,4,2,3,6,6,0,0,2,2,331,152,14,9,66,51,36,22,7,20
98,10.02.2024,RODADA 24,Luton,Sheffield Utd,1,3,0,2,1,1,0.33,1.43,70%,30%,6,5,1,2,5,3,6,5,5,1,2,0,14,16,0,1,4,6,0,0,1,2,256,109,6,9,65,26,25,22,14,16
99,10.02.2024,RODADA 24,Tottenham,Brighton,2,1,0,1,2,0,0.80,0.96,53%,47%,7,4,2,3,5,1,7,10,5,3,2,2,15,15,2,2,8,5,0,0,1,0,252,229,6,9,54,36,31,16,9,15
100,10.02.2024,RODADA 24,Wolverhampton,Brentford,0,2,0,1,0,1,0.28,1.50,67%,33%,5,7,3,4,2,3,2,6,4,3,0,0,14,6,3,3,6,3,0,0,0,0,317,159,8,11,80,40,37,20,4,20
101,10.02.2024,RODADA 24,Manchester City,Everton,2,0,0,0,2,0,0.71,0.22,74%,26%,10,4,0,1,10,3,4,2,5,0,0,0,14,9,1,0,2,4,0,0,0,0,372,129,7,15,66,29,50,8,3,17
102,05.02.2024,RODADA 23,Brentford,Manchester City,1,3,1,1,0,2,0.52,1.17,28%,72%,3,17,2,10,1,7,1,3,4,12,2,0,4,11,9,1,1,1,0,0,1,0,106,291,7,6,30,63,12,50,24,11
103,04.02.2024,RODADA 23,Arsenal,Liverpool,3,1,1,1,2,0,2.10,0.11,46%,54%,8,3,4,0,4,3,7,7,0,1,2,0,11,13,0,3,5,7,0,0,1,1,235,274,11,5,55,44,32,13,3,9
104,04.02.2024,RODADA 23,Bournemouth,Nottingham,1,1,1,1,0,0,0.68,0.52,45%,55%,6,5,2,5,4,0,6,10,6,4,1,0,14,11,4,1,10,6,0,0,2,0,152,198,9,17,49,31,38,20,9,14
105,04.02.2024,RODADA 23,Chelsea,Wolverhampton,2,4,1,2,1,2,0.72,0.35,61%,39%,5,7,2,3,3,4,8,8,3,0,1,0,8,11,1,1,8,7,0,0,1,2,301,190,7,8,46,41,15,19,11,4
106,04.02.2024,RODADA 23,Manchester Utd,West Ham,3,0,1,0,2,0,0.15,1.02,53%,47%,3,12,3,2,0,10,2,5,2,4,0,0,6,14,2,2,5,2,0,0,0,1,277,239,4,4,55,54,17,39,9,7
107,03.02.2024,RODADA 23,Sheffield Utd,Aston Villa,0,5,0,4,0,1,0.21,1.83,29%,71%,2,11,1,8,1,3,5,9,0,3,4,0,7,8,4,1,5,5,0,0,1,0,133,327,7,3,31,59,13,16,7,4
108,03.02.2024,RODADA 23,Brighton,Crystal Palace,4,1,3,0,1,1,0.99,0.13,75%,25%,8,3,5,2,3,1,10,4,1,1,1,2,7,8,2,2,4,9,0,0,0,1,453,147,11,9,61,27,15,4,2,4
109,03.02.2024,RODADA 23,Burnley,Fulham,2,2,0,2,2,0,0.18,0.56,40%,60%,6,5,1,3,5,2,7,5,2,3,1,1,14,19,1,1,4,6,0,0,0,2,169,250,7,3,47,49,14,25,16,9
110,03.02.2024,RODADA 23,Newcastle,Luton,4,4,2,2,2,2,0.98,1.16,49%,51%,6,7,3,4,3,3,4,4,4,2,0,0,7,1,2,1,5,6,0,0,0,0,208,224,13,6,52,53,24,29,4,12
111,03.02.2024,RODADA 23,Everton,Tottenham,2,2,1,2,1,0,1.17,0.66,47%,53%,9,4,3,3,6,1,6,7,6,1,4,0,14,13,1,2,3,6,0,0,0,0,188,235,13,10,74,43,48,14,7,16
112,01.02.2024,RODADA 22,Wolverhampton,Manchester Utd,3,4,0,2,3,2,0.15,1.05,45%,55%,4,8,2,2,2,6,4,5,2,2,0,2,7,13,0,2,5,2,0,0,1,1,220,271,12,10,56,46,23,19,5,7
113,01.02.2024,RODADA 22,West Ham,Bournemouth,1,1,0,1,1,0,0.29,1.09,52%,48%,3,6,2,3,1,3,6,9,1,3,1,1,18,14,2,2,8,5,0,0,0,0,243,224,14,10,47,61,26,24,8,11
114,31.01.2024,RODADA 22,Liverpool,Chelsea,4,1,2,0,2,1,1.86,0.01,54%,46%,15,1,6,1,9,0,8,6,4,0,1,1,7,7,1,4,5,8,0,0,0,4,269,239,16,9,74,41,40,11,2,19
115,31.01.2024,RODADA 22,Manchester City,Burnley,3,1,2,0,1,1,1.08,0.18,75%,25%,7,3,3,0,4,3,9,4,2,3,2,2,7,4,0,1,2,7,0,0,0,1,355,111,7,6,67,31,36,11,5,10
116,31.01.2024,RODADA 22,Tottenham,Brentford,3,2,0,1,3,1,0.53,0.66,72%,28%,6,4,1,3,5,1,9,9,1,1,1,2,10,6,2,1,8,8,0,0,1,2,356,128,9,7,83,27,55,15,7,14
117,30.01.2024,RODADA 22,Aston Villa,Newcastle,1,3,0,2,1,1,0.14,1.13,52%,48%,3,9,1,4,2,5,5,7,3,4,1,1,11,7,2,1,6,4,0,0,1,0,261,231,6,8,48,52,29,18,7,11
118,30.01.2024,RODADA 22,Crystal Palace,Sheffield Utd,3,2,2,2,1,0,0.82,0.17,59%,41%,9,3,2,3,7,0,7,3,9,0,1,0,12,13,1,0,2,6,0,0,0,2,218,159,17,16,65,35,44,12,5,23
119,30.01.2024,RODADA 22,Fulham,Everton,0,0,0,0,0,0,0.71,0.69,70%,30%,10,10,2,3,8,7,9,5,3,2,2,0,8,9,3,2,3,8,0,0,1,2,312,138,5,10,55,43,28,22,11,11
120,30.01.2024,RODADA 22,Luton,Brighton,4,0,3,0,1,0,2.16,0.25,40%,60%,11,5,4,0,7,5,8,11,6,1,2,1,6,10,0,1,10,7,0,0,1,1,177,282,9,10,55,52,22,14,4,11
121,30.01.2024,RODADA 22,Nottingham,Arsenal,1,2,0,0,1,2,0.03,0.81,18%,82%,2,9,0,1,2,8,5,3,0,5,0,2,5,7,1,0,3,3,0,0,0,1,102,432,7,8,19,90,3,109,34,0
122,22.01.2024,RODADA 21,Brighton,Wolverhampton,0,0,0,0,0,0,0.80,0.33,68%,32%,7,3,3,1,4,2,7,5,4,1,1,1,5,4,1,3,4,6,0,0,0,1,389,185,6,8,70,35,26,10,2,15
123,21.01.2024,RODADA 21,Bournemouth,Liverpool,0,4,0,0,0,4,0.13,0.08,40%,60%,3,4,1,2,2,2,7,3,4,3,0,0,12,14,2,1,3,7,0,0,0,0,165,253,17,18,50,63,35,28,11,10
124,21.01.2024,RODADA 21,Sheffield Utd,West Ham,2,2,1,1,1,1,0.90,0.76,55%,45%,12,7,5,3,7,4,5,5,3,1,1,1,14,16,2,4,4,5,0,0,1,1,226,180,7,9,63,35,27,16,9,13
125,20.01.2024,RODADA 21,Brentford,Nottingham,3,2,1,1,2,1,0.46,0.25,51%,49%,5,6,1,2,4,4,8,4,4,1,0,1,13,5,1,0,5,5,0,0,0,1,247,242,8,5,54,58,27,17,8,14
126,20.01.2024,RODADA 21,Arsenal,Crystal Palace,5,0,2,0,3,0,1.30,0.13,64%,36%,8,6,1,3,7,3,8,8,4,1,3,1,7,9,3,0,5,7,0,0,0,0,277,163,5,5,40,49,27,14,9,14
127,14.01.2024,RODADA 21,Manchester Utd,Tottenham,2,2,2,1,0,1,0.26,0.95,37%,63%,6,10,2,4,4,6,3,5,5,5,1,2,8,6,3,0,4,1,0,0,2,1,174,292,9,12,31,38,29,30,12,7
128,14.01.2024,RODADA 21,Everton,Aston Villa,0,0,0,0,0,0,0.91,0.26,30%,70%,7,6,2,2,5,4,9,10,4,3,2,1,4,18,2,2,8,8,0,0,0,1,109,261,12,3,29,51,23,32,7,11
129,13.01.2024,RODADA 21,Newcastle,Manchester City,2,3,2,1,0,2,0.68,1.01,31%,69%,7,11,3,3,4,8,4,9,2,5,6,1,4,8,2,1,3,3,0,0,1,1,155,359,14,6,27,70,16,32,9,6
130,13.01.2024,RODADA 21,Chelsea,Fulham,1,0,1,0,0,0,1.01,0.21,59%,41%,9,5,2,2,7,3,5,6,1,4,2,0,13,9,2,1,4,5,0,0,1,0,303,202,11,14,80,35,40,21,15,13
131,12.01.2024,RODADA 21,Burnley,Luton,1,1,1,0,0,1,0.69,0.40,42%,58%,6,7,2,2,4,5,7,4,0,5,0,1,13,12,2,1,3,5,0,0,0,0,174,248,5,12,54,61,22,32,16,10
132,02.01.2024,RODADA 20,West Ham,Brighton,0,0,0,0,0,0,0.21,0.48,37%,63%,4,5,1,3,3,2,4,5,1,0,3,1,13,10,3,1,3,3,0,0,1,0,217,384,8,5,40,65,22,21,13,8
133,01.01.2024,RODADA 20,Liverpool,Newcastle,4,2,0,0,4,2,2.87,0.05,63%,37%,18,1,5,0,13,1,9,9,4,2,1,2,7,8,0,5,8,9,0,0,2,2,267,161,8,15,70,33,56,12,0,23
134,31.12.2023,RODADA 20,Fulham,Arsenal,2,1,1,1,1,0,0.55,1.41,44%,56%,7,8,2,3,5,5,5,9,1,0,1,0,7,3,2,1,8,5,0,0,0,0,253,319,8,7,45,59,16,19,6,1
135,31.12.2023,RODADA 20,Tottenham,Bournemouth,3,1,1,0,2,1,0.31,0.68,55%,45%,5,12,3,1,2,11,12,7,3,6,4,2,7,7,1,2,4,11,0,0,0,1,237,181,11,12,37,58,19,32,6,11
136,30.12.2023,RODADA 20,Nottingham,Manchester Utd,2,1,0,0,2,1,0.41,0.03,47%,53%,6,1,0,1,6,0,6,2,4,1,0,1,7,18,1,0,2,5,0,0,0,0,219,254,18,6,44,57,23,51,13,11
137,30.12.2023,RODADA 20,Aston Villa,Burnley,3,2,2,1,1,1,0.92,0.72,62%,38%,7,6,3,3,4,3,11,5,3,2,0,3,5,8,2,1,4,7,0,0,1,2,210,128,2,10,45,33,21,12,6,8
138,30.12.2023,RODADA 20,Crystal Palace,Brentford,3,1,2,1,1,0,0.50,0.58,56%,44%,5,4,3,2,2,2,6,8,3,1,1,1,9,6,1,1,5,5,0,0,0,1,262,200,4,9,62,36,33,14,9,6
139,30.12.2023,RODADA 20,Manchester City,Sheffield Utd,2,0,1,0,1,0,0.60,0.22,82%,18%,8,3,2,2,6,1,5,4,4,2,1,1,6,7,2,1,3,3,0,0,1,0,439,91,5,4,69,18,29,8,9,7
140,30.12.2023,RODADA 20,Wolverhampton,Everton,3,0,1,0,2,0,0.40,0.19,52%,48%,4,4,1,0,3,4,9,6,2,1,1,1,8,11,0,0,5,8,0,0,2,2,238,218,5,13,48,65,30,11,4,13
141,30.12.2023,RODADA 20,Luton,Chelsea,2,3,0,2,2,1,0.28,0.38,48%,52%,5,7,0,6,5,1,10,9,3,0,2,1,14,8,4,0,5,9,0,0,1,0,188,225,17,10,49,41,38,11,1,15
142,28.12.2023,RODADA 19,Arsenal,West Ham,0,2,0,1,0,1,1.04,0.51,73%,27%,9,3,2,1,7,2,3,5,4,1,0,0,3,10,0,2,5,3,0,0,0,0,386,138,9,12,86,24,64,10,6,14
143,28.12.2023,RODADA 19,Brighton,Tottenham,4,2,2,0,2,2,2.65,0.52,43%,57%,11,7,6,0,5,7,2,10,3,4,2,2,8,10,0,4,8,1,0,0,1,1,212,272,7,5,35,53,26,40,12,7
144,27.12.2023,RODADA 19,Everton,Manchester City,1,3,1,0,0,3,0.79,1.25,26%,74%,4,12,2,4,2,8,4,7,3,5,1,1,3,11,4,1,6,3,0,0,1,0,133,385,7,6,37,68,23,34,16,14
145,27.12.2023,RODADA 19,Brentford,Wolverhampton,1,4,1,3,0,1,1.58,1.62,53%,47%,6,8,2,3,4,5,9,3,5,2,0,1,7,8,0,1,2,8,0,0,1,0,247,224,7,14,58,53,29,23,8,14
146,27.12.2023,RODADA 19,Chelsea,Crystal Palace,2,1,1,1,1,0,1.09,0.60,63%,37%,6,5,3,2,3,3,12,10,2,0,1,5,8,9,1,2,9,7,0,0,0,0,326,180,13,12,48,49,21,25,10,4
147,26.12.2023,RODADA 19,Manchester Utd,Aston Villa,3,2,0,2,3,0,0.34,1.02,50%,50%,7,6,3,2,4,4,5,10,1,4,6,0,5,7,0,3,4,4,0,0,0,1,212,205,9,4,46,39,20,31,14,6
148,26.12.2023,RODADA 19,Burnley,Liverpool,0,2,0,1,0,1,0.11,1.25,32%,68%,2,14,0,8,2,6,3,7,1,3,1,2,9,8,7,0,6,2,0,0,1,0,141,298,9,7,48,64,11,26,0,0
149,26.12.2023,RODADA 19,Bournemouth,Fulham,3,0,1,0,2,0,0.60,0.20,50%,50%,8,6,1,1,7,5,5,5,6,3,1,0,12,10,1,0,4,5,0,0,0,0,218,217,5,12,62,62,23,27,0,0
150,26.12.2023,RODADA 19,Sheffield Utd,Luton,2,3,0,1,2,2,0.56,0.45,51%,49%,10,8,1,2,9,6,3,6,5,3,0,0,13,10,1,1,6,3,0,0,2,0,185,178,11,11,63,40,31,24,0,0
151,26.12.2023,RODADA 19,Newcastle,Nottingham,1,3,1,1,0,2,1.28,1.80,60%,40%,6,7,3,2,3,5,6,4,5,2,0,1,7,9,1,2,4,6,0,0,1,2,261,176,7,11,68,31,41,12,0,0
152,24.12.2023,RODADA 18,Wolverhampton,Chelsea,2,1,0,0,2,1,0.54,1.06,38%,62%,5,8,0,2,5,6,5,10,4,3,3,0,7,8,2,0,7,5,0,0,1,1,165,278,13,5,36,53,20,21,6,9
153,23.12.2023,RODADA 18,Liverpool,Arsenal,1,1,1,1,0,0,0.20,0.63,54%,46%,4,7,1,2,3,5,8,7,1,2,1,1,12,6,1,0,6,7,0,0,1,2,236,194,10,9,51,38,27,12,7,17
154,23.12.2023,RODADA 18,Fulham,Burnley,0,2,0,0,0,2,0.88,0.05,59%,41%,12,1,3,0,9,1,8,2,5,4,0,2,14,8,0,3,2,6,0,0,1,0,295,206,8,9,71,51,36,20,6,19
155,23.12.2023,RODADA 18,Luton,Newcastle,1,0,1,0,0,0,1.27,0.83,37%,63%,9,7,4,1,5,6,4,6,3,2,0,2,5,6,1,3,6,1,0,0,0,0,165,294,7,11,53,44,26,20,7,9
156,23.12.2023,RODADA 18,Nottingham,Bournemouth,2,3,0,0,2,3,0.31,0.71,29%,71%,5,9,2,3,3,6,4,8,2,3,0,0,8,6,3,2,8,4,1,0,2,1,104,261,11,10,39,61,19,45,12,11
157,23.12.2023,RODADA 18,Tottenham,Everton,2,1,2,0,0,1,0.85,1.00,64%,36%,5,9,4,5,1,4,9,3,2,3,1,3,10,9,5,2,2,7,0,0,0,2,298,162,7,9,43,46,16,39,14,7
158,23.12.2023,RODADA 18,West Ham,Manchester Utd,2,0,0,0,2,0,0.26,0.67,38%,62%,4,6,1,3,3,3,6,8,2,3,1,0,5,16,3,1,6,5,0,0,1,1,176,298,8,11,51,56,12,18,9,11
159,22.12.2023,RODADA 18,Aston Villa,Sheffield Utd,1,1,0,0,1,1,0.38,0.00,79%,21%,6,0,1,0,5,0,10,5,3,0,0,1,11,7,0,1,5,9,0,0,0,0,336,86,2,17,60,36,38,11,1,13
160,21.12.2023,RODADA 18,Crystal Palace,Brighton,1,1,1,0,0,1,1.00,0.18,40%,60%,7,4,3,2,4,2,8,6,1,0,0,1,10,4,2,2,6,7,0,0,1,1,244,378,13,7,42,73,21,30,3,6
161,17.12.2023,RODADA 17,Liverpool,Manchester Utd,0,0,0,0,0,0,1.14,0.12,67%,33%,15,2,3,0,12,2,5,10,9,0,3,1,18,12,0,3,7,4,0,0,2,2,293,149,9,6,67,22,45,10,1,18
162,17.12.2023,RODADA 17,Arsenal,Brighton,2,0,0,0,2,0,0.94,0.00,58%,42%,15,0,3,0,12,0,6,6,3,0,0,0,9,2,0,3,7,6,0,0,1,1,314,229,6,10,64,22,45,7,0,9
163,17.12.2023,RODADA 17,Brentford,Aston Villa,1,2,1,0,0,2,0.37,0.79,37%,63%,3,9,2,3,1,6,5,13,3,6,5,0,7,7,3,1,8,5,0,0,0,0,149,262,15,5,44,59,25,34,3,15
164,17.12.2023,RODADA 17,West Ham,Wolverhampton,3,0,2,0,1,0,0.76,0.47,52%,48%,8,7,3,2,5,5,7,6,5,4,0,0,16,4,2,1,6,7,0,0,1,1,250,219,8,17,62,49,29,28,15,16
165,16.12.2023,RODADA 17,Burnley,Everton,0,2,0,2,0,0,0.42,0.89,63%,37%,5,6,0,4,5,2,8,5,3,4,0,3,10,11,2,0,5,4,0,0,0,0,271,157,7,8,47,59,23,20,8,14
166,16.12.2023,RODADA 17,Chelsea,Sheffield Utd,2,0,0,0,2,0,0.10,0.10,80%,20%,5,3,1,0,4,3,6,8,3,3,3,1,9,4,0,1,4,5,0,0,0,1,421,104,11,16,89,26,38,11,6,15
167,16.12.2023,RODADA 17,Manchester City,Crystal Palace,2,2,1,0,1,2,0.80,0.03,74%,26%,14,2,5,0,9,2,5,7,4,1,1,1,11,8,0,4,6,4,0,0,1,1,367,136,8,7,96,16,62,0,3,21
168,16.12.2023,RODADA 17,Newcastle,Fulham,3,0,0,0,3,0,0.11,0.02,72%,28%,11,4,2,3,9,1,4,5,0,1,2,0,8,7,3,2,2,4,0,1,0,0,351,142,8,6,78,32,51,13,2,9
169,15.12.2023,RODADA 17,Nottingham,Tottenham,0,2,0,1,0,1,0.17,1.12,22%,78%,4,6,0,3,4,3,4,9,0,1,2,0,12,9,2,0,8,5,0,0,0,1,89,335,12,7,26,79,20,35,12,9
170,10.12.2023,RODADA 16,Tottenham,Newcastle,4,1,2,0,2,1,1.87,1.00,65%,35%,12,4,5,1,7,3,8,7,3,2,1,2,14,9,1,3,6,6,0,0,0,0,277,154,10,13,63,29,45,9,1,17
171,10.12.2023,RODADA 16,Everton,Chelsea,2,0,0,0,2,0,0.16,0.19,29%,71%,2,5,0,1,2,4,5,6,2,5,2,1,11,5,1,0,6,5,0,0,1,1,130,334,8,11,41,51,24,35,10,17
172,10.12.2023,RODADA 16,Fulham,West Ham,5,0,3,0,2,0,1.11,0.47,62%,38%,10,4,5,3,5,1,3,2,3,3,0,0,8,7,3,2,2,3,0,0,1,1,335,201,11,8,64,42,29,28,14,10
173,10.12.2023,RODADA 16,Luton,Manchester City,1,2,1,0,0,2,0.26,0.87,30%,70%,2,10,2,3,0,7,2,6,0,1,0,0,10,18,3,1,6,2,0,0,0,0,163,379,10,7,45,60,15,40,6,1
174,09.12.2023,RODADA 16,Aston Villa,Arsenal,1,0,1,0,0,0,0.22,0.63,47%,53%,5,8,1,4,4,4,10,6,2,2,1,2,9,7,4,0,5,8,0,0,0,1,181,209,12,12,36,52,16,23,11,12
175,09.12.2023,RODADA 16,Brighton,Burnley,1,1,0,1,1,0,0.52,0.21,67%,33%,10,4,3,2,7,2,3,3,2,1,2,0,9,8,1,3,1,3,0,0,0,1,352,173,7,13,58,29,26,19,1,6
176,09.12.2023,RODADA 16,Manchester Utd,Bournemouth,0,3,0,1,0,2,0.45,0.54,73%,27%,8,7,2,2,6,5,7,4,3,2,0,1,12,7,1,2,4,6,0,0,1,1,367,135,10,9,76,37,46,17,5,17
177,09.12.2023,RODADA 16,Sheffield Utd,Brentford,1,0,1,0,0,0,0.13,0.27,41%,59%,4,4,1,1,3,3,10,6,1,2,0,0,6,13,1,0,7,10,0,0,1,1,193,275,8,8,59,57,18,24,17,5
178,09.12.2023,RODADA 16,Wolverhampton,Nottingham,1,1,1,1,0,0,0.75,0.22,73%,27%,5,3,2,2,3,1,4,2,3,0,1,0,18,11,1,1,1,4,0,0,0,1,389,145,4,11,81,38,28,19,5,17
179,09.12.2023,RODADA 16,Crystal Palace,Liverpool,1,2,0,0,1,2,0.44,0.25,23%,77%,1,6,1,0,0,6,12,7,2,3,0,4,6,15,0,1,7,8,0,0,1,0,98,350,15,5,36,74,22,28,16,11
180,07.12.2023,RODADA 15,Tottenham,West Ham,1,2,1,0,0,2,0.97,0.20,76%,24%,13,4,6,1,7,3,6,8,4,1,1,3,6,4,1,5,7,3,0,0,0,0,444,129,6,8,80,26,59,8,8,10
181,07.12.2023,RODADA 15,Everton,Newcastle,3,0,0,0,3,0,1.93,0.49,36%,64%,13,5,2,2,11,3,6,11,1,0,0,1,4,9,2,2,11,5,0,0,1,0,151,286,12,1,42,49,29,10,6,18
182,06.12.2023,RODADA 15,Aston Villa,Manchester City,1,0,0,0,1,0,1.11,0.86,49%,51%,12,2,4,2,8,0,9,4,3,0,0,2,6,6,2,4,4,7,0,0,0,1,227,236,8,8,52,38,17,13,2,13
183,06.12.2023,RODADA 15,Manchester Utd,Chelsea,2,1,1,1,1,0,2.91,0.40,48%,52%,18,5,7,3,11,2,6,10,6,0,2,0,5,5,2,6,8,6,0,0,2,0,231,246,6,6,58,35,25,10,1,3
184,06.12.2023,RODADA 15,Brighton,Brentford,2,1,1,1,1,0,0.63,0.77,62%,38%,8,2,3,1,5,1,5,7,4,1,0,2,11,7,0,2,6,2,0,0,2,0,271,170,9,15,73,31,39,18,3,10
185,06.12.2023,RODADA 15,Crystal Palace,Bournemouth,0,2,0,1,0,1,0.53,1.19,53%,47%,7,8,3,3,4,5,8,8,2,6,0,0,7,10,2,3,7,8,0,0,1,0,209,166,10,9,51,43,13,32,11,7
186,06.12.2023,RODADA 15,Fulham,Nottingham,5,0,2,0,3,0,1.31,0.09,62%,38%,8,2,3,0,5,2,7,5,2,1,1,3,7,9,0,1,4,4,0,0,0,0,339,208,13,5,62,56,22,22,7,8
187,06.12.2023,RODADA 15,Sheffield Utd,Liverpool,0,2,0,1,0,1,0.24,0.71,20%,80%,3,9,1,5,2,4,5,7,0,9,1,1,10,11,4,1,6,5,0,0,0,1,80,309,8,7,33,64,10,26,10,2
188,05.12.2023,RODADA 15,Luton,Arsenal,3,4,1,2,2,2,0.19,0.88,35%,65%,2,8,2,6,0,2,8,9,2,2,0,1,10,8,4,1,9,7,0,0,2,1,154,274,10,10,43,52,15,34,13,11
189,05.12.2023,RODADA 15,Wolverhampton,Burnley,1,0,1,0,0,0,0.36,0.75,58%,42%,3,8,2,3,1,5,6,5,2,3,1,0,13,14,3,1,4,6,0,0,0,1,302,214,10,11,50,60,8,25,8,6
190,03.12.2023,RODADA 14,Manchester City,Tottenham,3,3,2,1,1,2,1.69,0.24,62%,38%,12,2,2,1,10,1,3,9,6,4,2,0,13,7,0,0,7,3,0,0,1,1,351,204,5,7,69,21,48,14,6,19
191,03.12.2023,RODADA 14,Bournemouth,Aston Villa,2,2,1,1,1,1,1.03,0.61,44%,56%,9,8,4,2,5,6,8,13,4,3,0,1,4,7,1,3,13,7,0,0,3,2,152,188,11,12,53,47,24,18,8,13
192,03.12.2023,RODADA 14,Chelsea,Brighton,3,2,2,1,1,1,1.00,0.10,43%,57%,5,4,3,1,2,3,8,11,5,1,1,2,3,9,0,1,10,6,1,0,2,1,205,280,9,9,38,53,20,13,8,7
193,03.12.2023,RODADA 14,Liverpool,Fulham,4,3,2,2,2,1,0.49,1.02,65%,35%,9,6,4,3,5,3,5,6,1,4,4,1,14,5,1,2,2,4,0,0,0,0,319,162,4,12,60,35,35,18,5,15
194,03.12.2023,RODADA 14,West Ham,Crystal Palace,1,1,1,0,0,1,0.34,0.26,49%,51%,4,5,2,0,2,5,5,9,1,1,0,0,11,7,0,1,9,5,0,0,1,0,273,277,5,12,62,70,12,20,4,3
195,02.12.2023,RODADA 14,Newcastle,Manchester Utd,1,0,0,0,1,0,1.44,0.10,60%,40%,14,2,2,1,12,1,1,2,4,0,0,0,8,8,1,2,2,1,0,0,0,0,298,195,8,7,73,39,50,21,2,14
196,02.12.2023,RODADA 14,Nottingham,Everton,0,1,0,0,0,1,0.16,0.38,62%,38%,3,6,0,2,3,4,9,7,1,1,1,1,12,13,2,0,6,8,0,0,0,0,299,177,11,8,53,53,33,37,23,17
197,02.12.2023,RODADA 14,Arsenal,Wolverhampton,2,1,2,0,0,1,1.63,0.33,60%,40%,12,2,4,0,8,2,3,7,2,0,2,0,5,6,0,2,5,3,0,0,0,0,316,212,10,10,70,30,47,14,0,7
198,02.12.2023,RODADA 14,Brentford,Luton,3,1,0,0,3,1,0.68,0.00,77%,23%,11,0,2,0,9,0,3,5,3,1,0,0,14,4,0,2,5,3,0,0,0,1,373,110,8,10,93,23,43,5,5,21
199,02.12.2023,RODADA 14,Burnley,Sheffield Utd,5,0,2,0,3,0,0.52,0.15,53%,47%,6,3,2,1,4,2,6,5,4,0,1,0,5,9,1,0,5,6,0,1,1,4,251,229,4,4,63,45,22,7,5,8
200,27.11.2023,RODADA 13,Fulham,Wolverhampton,3,2,1,1,2,1,1.03,0.27,56%,44%,6,2,2,1,4,1,3,8,3,1,0,0,19,8,0,1,8,3,0,0,1,1,303,238,11,5,57,33,24,10,7,9
201,26.11.2023,RODADA 13,Everton,Manchester Utd,0,3,0,1,0,2,1.37,0.13,45%,55%,10,2,4,1,6,1,8,9,2,1,2,1,11,8,0,4,7,7,0,0,2,0,195,249,6,7,57,41,27,13,3,17
202,26.11.2023,RODADA 13,Tottenham,Aston Villa,1,2,1,1,0,1,1.16,0.68,64%,36%,7,5,3,1,4,4,7,10,2,1,3,1,6,4,0,2,7,6,0,0,0,3,340,180,10,5,52,30,28,17,4,6
203,25.11.2023,RODADA 13,Brentford,Arsenal,0,1,0,0,0,1,0.45,0.42,31%,69%,3,9,1,2,2,7,6,8,1,4,2,2,8,14,2,1,6,4,0,0,1,0,120,264,10,4,42,73,13,48,17,5
204,25.11.2023,RODADA 13,Burnley,West Ham,1,2,0,0,1,2,0.24,0.18,52%,48%,5,2,2,1,3,1,4,5,2,1,0,1,7,10,1,2,5,3,0,0,1,2,274,249,4,8,53,52,26,10,3,5
205,25.11.2023,RODADA 13,Luton,Crystal Palace,2,1,0,0,2,1,0.16,0.28,42%,58%,3,7,1,4,2,3,7,5,2,1,0,0,10,16,4,1,5,7,0,0,1,1,197,296,7,9,54,59,30,14,8,12
206,25.11.2023,RODADA 13,Newcastle,Chelsea,4,1,1,1,3,0,1.08,0.56,56%,44%,6,6,1,4,5,2,7,5,1,2,0,0,9,7,3,0,5,7,0,0,2,1,242,199,9,16,63,39,35,12,1,8
207,25.11.2023,RODADA 13,Nottingham,Brighton,2,3,1,2,1,1,0.71,0.66,37%,63%,7,8,2,3,5,5,2,5,2,3,0,0,5,3,1,1,5,2,0,0,0,0,220,375,4,3,53,66,20,26,8,3
208,25.11.2023,RODADA 13,Sheffield Utd,Bournemouth,1,3,0,2,1,1,0.04,1.23,43%,57%,2,11,0,5,2,6,6,6,0,1,2,0,11,22,3,0,3,6,0,0,1,0,198,265,13,10,63,66,22,23,12,7
209,25.11.2023,RODADA 13,Manchester City,Liverpool,1,1,1,0,0,1,0.46,0.21,62%,38%,5,4,4,1,1,3,6,4,5,1,0,3,4,7,1,3,4,3,0,0,0,0,356,214,16,7,59,41,47,16,9,7
210,12.11.2023,RODADA 12,Chelsea,Manchester City,4,4,2,2,2,2,0.91,1.74,41%,59%,11,8,5,5,6,3,3,5,3,3,0,0,9,12,3,3,6,3,0,0,2,0,191,263,12,6,29,66,15,41,10,4
211,12.11.2023,RODADA 12,Aston Villa,Fulham,3,1,2,0,1,1,0.95,0.05,59%,41%,7,2,3,2,4,0,13,3,1,1,1,2,9,5,2,1,1,10,0,0,0,0,294,202,9,7,46,36,14,16,5,9
212,12.11.2023,RODADA 12,Brighton,Sheffield Utd,1,1,1,0,0,1,1.35,0.49,71%,29%,6,4,4,0,2,4,8,8,2,2,1,1,11,5,0,3,7,8,0,0,1,1,376,148,4,15,75,31,14,16,6,9
213,12.11.2023,RODADA 12,Liverpool,Brentford,3,0,1,0,2,0,1.05,0.70,69%,31%,8,4,5,1,3,3,9,9,5,0,2,1,7,6,1,4,7,8,0,0,1,2,288,130,4,6,72,37,33,20,3,21
214,12.11.2023,RODADA 12,West Ham,Nottingham,3,2,1,1,2,1,0.39,1.23,55%,45%,3,4,2,3,1,1,6,2,1,2,0,0,8,12,2,1,2,6,0,0,1,0,298,242,8,8,64,39,30,20,14,7
215,11.11.2023,RODADA 12,Bournemouth,Newcastle,2,0,0,0,2,0,0.43,0.08,50%,50%,7,3,4,2,3,1,3,4,2,4,0,1,18,6,2,4,4,2,0,0,0,0,240,240,11,12,73,34,28,17,4,11
216,11.11.2023,RODADA 12,Arsenal,Burnley,3,1,1,0,2,1,1.29,0.16,68%,32%,10,4,3,4,7,0,3,6,7,1,2,0,7,9,4,2,4,3,0,0,0,0,313,155,7,9,68,32,68,10,4,20
217,11.11.2023,RODADA 12,Crystal Palace,Everton,2,3,1,1,1,2,0.91,0.52,59%,41%,5,4,2,2,3,2,4,6,3,1,2,0,7,12,1,1,6,5,0,0,1,1,297,200,8,8,44,57,26,38,19,9
218,11.11.2023,RODADA 12,Manchester Utd,Luton,1,0,0,0,1,0,1.31,0.19,75%,25%,7,4,1,3,6,1,3,4,4,2,1,1,15,9,3,1,3,2,0,0,0,0,351,110,7,6,81,23,45,8,4,18
219,11.11.2023,RODADA 12,Wolverhampton,Tottenham,2,1,0,1,2,0,0.38,0.47,37%,63%,9,2,2,1,7,1,8,10,6,1,2,1,6,6,0,2,8,7,0,0,0,2,198,357,9,8,49,58,30,21,2,9
220,06.11.2023,RODADA 11,Tottenham,Chelsea,1,4,1,1,0,3,0.17,1.31,48%,52%,4,7,3,2,1,5,11,7,1,3,1,2,11,5,1,2,7,10,1,0,2,2,182,197,10,8,36,44,20,28,0,0
221,05.11.2023,RODADA 11,Luton,Liverpool,1,1,0,0,1,1,0.15,1.21,26%,74%,4,11,1,3,3,8,5,3,0,2,0,1,10,10,3,1,3,4,0,0,1,0,127,361,9,4,45,78,15,37,0,0
222,05.11.2023,RODADA 11,Nottingham,Aston Villa,2,0,1,0,1,0,0.30,0.41,32%,68%,3,4,1,1,2,3,4,7,0,6,4,1,7,5,1,0,3,3,0,0,0,0,150,305,10,2,17,69,17,33,0,0
223,04.11.2023,RODADA 11,Newcastle,Arsenal,1,0,0,0,1,0,0.15,0.36,48%,52%,4,8,0,1,4,7,7,7,0,4,1,0,16,5,1,0,6,7,0,0,3,1,197,214,9,7,41,54,27,29,0,0
224,04.11.2023,RODADA 11,Brentford,West Ham,3,2,1,2,2,0,0.92,1.81,64%,36%,8,6,2,2,6,4,8,8,3,1,1,0,5,9,0,1,7,8,0,0,1,1,292,156,3,7,62,39,36,21,0,0
225,04.11.2023,RODADA 11,Burnley,Crystal Palace,0,2,0,1,0,1,0.57,0.83,64%,36%,7,2,0,2,7,0,8,5,9,1,0,0,10,10,1,0,5,8,0,0,0,3,239,143,7,7,52,30,40,5,0,0
226,04.11.2023,RODADA 11,Everton,Brighton,1,1,1,0,0,1,0.54,0.20,16%,84%,6,3,3,1,3,2,5,6,0,0,0,3,7,9,1,2,6,2,0,0,1,2,92,483,7,4,29,74,8,27,0,0
227,04.11.2023,RODADA 11,Manchester City,Bournemouth,6,1,3,0,3,1,0.78,0.15,72%,28%,15,2,4,0,11,2,4,4,9,0,0,1,6,1,0,1,4,3,0,0,0,1,369,143,1,1,82,15,51,6,0,0
228,04.11.2023,RODADA 11,Sheffield Utd,Wolverhampton,2,1,0,0,2,1,0.03,0.99,38%,62%,1,7,0,1,1,6,4,7,0,2,0,2,10,16,1,0,7,2,0,0,1,0,171,290,14,5,51,53,16,19,0,0
229,04.11.2023,RODADA 11,Fulham,Manchester Utd,0,1,0,0,0,1,0.28,0.26,41%,59%,8,5,0,1,8,4,7,5,5,2,1,2,7,4,1,0,4,5,0,0,1,0,174,257,6,5,38,49,20,22,0,0
230,29.10.2023,RODADA 10,Manchester Utd,Manchester City,0,3,0,1,0,2,0.29,1.50,39%,61%,4,7,2,4,2,3,3,7,2,9,2,0,3,6,3,2,5,3,0,0,2,1,178,267,8,4,25,68,13,38,0,0
231,29.10.2023,RODADA 10,Aston Villa,Luton,3,1,1,0,2,1,1.89,0.00,78%,22%,14,0,4,0,10,0,11,6,5,0,0,4,3,3,0,3,6,6,0,0,1,0,325,93,5,7,63,27,28,10,0,0
232,29.10.2023,RODADA 10,Brighton,Fulham,1,1,1,0,0,1,0.57,0.11,72%,28%,8,3,4,0,4,3,0,4,3,2,0,0,7,5,0,3,4,0,0,0,0,0,456,170,6,14,55,39,28,14,0,0
233,29.10.2023,RODADA 10,Liverpool,Nottingham,3,0,2,0,1,0,2.21,0.13,74%,26%,13,2,7,0,6,2,6,5,6,1,0,2,12,0,0,5,5,4,0,0,1,1,370,128,5,12,83,33,48,7,0,0
234,29.10.2023,RODADA 10,West Ham,Everton,0,1,0,0,0,1,0.14,0.23,59%,41%,2,4,1,1,1,3,9,3,1,1,0,2,15,9,1,1,3,6,0,0,1,1,315,232,6,13,53,61,21,14,0,0
235,28.10.2023,RODADA 10,Wolverhampton,Newcastle,2,2,1,2,1,0,0.31,1.94,41%,59%,7,9,4,4,3,5,8,6,6,4,0,0,6,13,2,3,7,8,0,0,0,0,182,266,10,7,35,55,17,27,0,0
236,28.10.2023,RODADA 10,Arsenal,Sheffield Utd,5,0,1,0,4,0,1.06,0.03,66%,34%,5,2,3,0,2,2,0,0,4,0,0,1,0,0,0,2,4,4,0,0,0,0,353,183,7,13,72,26,30,5,0,0
237,28.10.2023,RODADA 10,Bournemouth,Burnley,2,1,1,1,1,0,0.76,0.31,53%,47%,8,4,3,2,5,2,0,0,6,4,1,0,0,0,1,2,4,5,0,0,0,1,213,186,12,6,52,39,21,22,0,0
238,28.10.2023,RODADA 10,Chelsea,Brentford,0,2,0,0,0,2,1.15,0.09,67%,33%,10,2,2,1,8,1,3,6,3,1,0,0,10,9,1,2,6,3,0,0,0,0,370,182,3,11,80,42,53,15,0,0
239,27.10.2023,RODADA 10,Crystal Palace,Tottenham,1,2,0,0,1,2,0.27,0.13,28%,72%,8,3,2,0,6,3,6,9,5,0,0,0,6,12,0,2,8,6,0,0,0,0,127,354,17,9,37,59,16,29,0,0
240,23.10.2023,RODADA 9,Tottenham,Fulham,2,0,1,0,1,0,0.80,0.16,66%,34%,10,5,4,1,6,4,10,8,3,3,3,3,6,3,1,3,5,7,0,0,1,0,321,158,5,11,71,33,35,16,0,0
241,22.10.2023,RODADA 9,Aston Villa,West Ham,4,1,1,0,3,1,0.72,0.66,62%,38%,10,6,4,1,6,5,9,4,5,1,1,2,7,6,1,3,3,7,0,0,0,0,278,164,9,2,51,36,32,25,0,0
242,21.10.2023,RODADA 9,Sheffield Utd,Manchester Utd,1,2,1,1,0,1,1.25,0.58,44%,56%,7,6,4,3,3,3,7,7,2,1,1,1,11,7,2,3,6,6,0,0,2,0,200,251,7,11,79,37,23,19,0,0
243,21.10.2023,RODADA 9,Chelsea,Arsenal,2,2,1,0,1,2,1.23,0.11,38%,62%,7,2,2,0,5,2,8,4,0,3,1,1,9,4,0,1,3,8,0,0,2,1,191,302,13,10,26,71,15,27,0,0
244,21.10.2023,RODADA 9,Bournemouth,Wolverhampton,1,2,1,0,0,2,0.48,0.59,43%,57%,4,6,2,1,2,5,8,6,1,4,0,1,14,7,1,1,8,8,0,0,2,2,192,251,12,12,56,50,21,20,0,0
245,21.10.2023,RODADA 9,Brentford,Burnley,3,0,1,0,2,0,1.89,0.11,55%,45%,15,3,7,1,8,2,7,6,4,2,2,1,13,9,1,6,4,6,0,0,0,3,225,185,10,3,55,39,42,10,0,0
246,21.10.2023,RODADA 9,Manchester City,Brighton,2,1,2,0,0,1,0.42,0.04,64%,36%,5,1,3,1,2,0,3,6,2,0,2,0,10,5,1,1,4,3,0,0,1,1,369,209,5,6,76,31,41,8,0,0
247,21.10.2023,RODADA 9,Newcastle,Crystal Palace,4,0,3,0,1,0,1.71,0.12,64%,36%,8,2,5,0,3,2,3,1,4,2,0,0,8,8,0,2,3,7,0,0,2,2,283,161,0,10,57,40,28,9,0,0
248,21.10.2023,RODADA 9,Nottingham,Luton,2,2,0,0,2,2,1.60,0.20,66%,34%,8,4,3,1,5,3,5,8,2,2,0,0,9,7,1,3,8,6,0,0,0,0,289,142,6,2,50,63,32,23,0,0
249,21.10.2023,RODADA 9,Liverpool,Everton,2,0,0,0,2,0,0.55,0.09,73%,27%,11,3,1,1,10,2,5,3,7,3,1,0,10,6,1,1,4,6,0,1,0,3,324,114,7,8,61,50,36,18,0,0
250,08.10.2023,RODADA 8,Arsenal,Manchester City,1,0,0,0,1,0,0.17,0.46,45%,55%,5,3,0,1,5,2,6,6,2,2,2,0,6,7,1,0,4,6,0,0,1,2,226,276,6,9,48,47,24,14,0,0
251,08.10.2023,RODADA 8,Brighton,Liverpool,2,2,1,2,1,0,0.67,1.42,46%,54%,8,6,1,3,7,3,10,6,5,1,0,0,9,7,1,0,7,10,0,0,0,0,205,238,7,9,31,43,18,16,0,0
252,08.10.2023,RODADA 8,West Ham,Newcastle,2,2,1,0,1,2,0.89,0.11,29%,71%,1,3,1,0,0,3,8,8,1,0,1,1,7,10,0,0,7,8,0,0,2,1,128,335,5,1,38,50,11,17,0,0
253,08.10.2023,RODADA 8,Wolverhampton,Aston Villa,1,1,0,0,1,1,0.23,0.61,50%,50%,3,8,0,1,3,7,5,9,2,4,3,1,7,7,1,0,7,5,0,0,1,2,187,183,4,4,36,37,17,16,0,0
254,07.10.2023,RODADA 8,Crystal Palace,Nottingham,0,0,0,0,0,0,0.42,0.65,47%,53%,2,6,0,2,2,4,5,3,2,1,0,1,7,8,2,0,3,4,0,0,0,0,233,268,11,11,54,59,26,24,0,0
255,07.10.2023,RODADA 8,Burnley,Chelsea,1,4,1,1,0,3,0.27,0.28,32%,68%,2,5,1,1,1,4,3,7,0,3,1,1,5,3,0,0,5,3,0,0,2,3,183,387,9,10,26,69,7,32,0,0
256,07.10.2023,RODADA 8,Everton,Bournemouth,3,0,2,0,1,0,0.73,0.18,47%,53%,12,4,3,0,9,4,3,9,7,4,1,0,11,6,0,1,9,5,0,0,1,0,169,208,11,6,54,42,34,25,0,0
257,07.10.2023,RODADA 8,Fulham,Sheffield Utd,3,1,0,0,3,1,1.25,0.00,57%,43%,10,0,2,0,8,0,4,5,6,1,2,1,8,6,0,2,3,4,0,0,0,0,251,191,11,10,67,54,41,13,0,0
258,07.10.2023,RODADA 8,Manchester Utd,Brentford,2,1,0,1,2,0,0.39,0.54,60%,40%,7,8,1,1,6,7,6,8,5,3,2,1,14,7,0,1,6,5,0,0,0,1,255,182,2,6,59,31,43,19,0,0
259,07.10.2023,RODADA 8,Luton,Tottenham,0,1,0,0,0,1,0.09,1.78,18%,82%,3,12,0,3,3,9,3,14,1,2,3,0,6,10,3,0,11,3,0,1,2,2,79,347,15,13,37,63,15,33,0,0
260,03.10.2023,RODADA 2,Luton,Burnley,1,2,0,1,1,1,0.12,0.94,46%,54%,4,7,0,1,4,6,5,8,0,4,2,2,12,11,0,0,7,4,0,0,1,0,187,222,10,4,51,56,20,32,0,0
261,02.10.2023,RODADA 7,Fulham,Chelsea,0,2,0,2,0,0,0.03,0.96,54%,46%,1,5,0,2,1,3,7,8,4,0,2,3,13,11,0,0,8,7,0,0,0,1,251,219,6,9,44,39,30,20,0,0
262,01.10.2023,RODADA 7,Nottingham,Brentford,1,1,0,0,1,1,0.17,0.34,53%,47%,3,3,0,1,3,2,4,5,1,4,2,0,8,10,1,0,3,4,0,0,1,1,267,232,8,6,62,53,21,25,0,0
263,30.09.2023,RODADA 7,Tottenham,Liverpool,2,1,1,1,1,0,1.09,1.37,57%,43%,8,9,4,3,4,6,10,4,1,4,1,1,11,13,2,3,3,9,0,1,1,1,330,219,8,7,58,39,18,29,0,0
264,30.09.2023,RODADA 7,Bournemouth,Arsenal,0,4,0,2,0,2,0.51,2.07,38%,62%,5,6,1,3,4,3,6,7,3,2,2,0,7,4,1,1,6,6,0,0,0,1,179,306,5,13,53,42,20,15,0,0
265,30.09.2023,RODADA 7,Everton,Luton,1,2,1,2,0,0,2.74,0.76,70%,30%,13,7,5,2,8,5,9,5,0,5,1,2,18,7,0,4,2,8,0,0,0,0,305,123,8,9,61,46,47,21,0,0
266,30.09.2023,RODADA 7,Manchester Utd,Crystal Palace,0,1,0,1,0,0,0.73,0.41,72%,28%,7,4,1,1,6,3,5,6,2,2,0,0,13,7,0,1,6,5,0,0,1,2,372,140,11,13,73,30,33,15,0,0
267,30.09.2023,RODADA 7,Newcastle,Burnley,2,0,1,0,1,0,1.49,0.45,54%,46%,8,3,4,1,4,2,10,4,0,1,1,1,11,13,1,3,3,9,0,0,1,2,234,221,16,7,71,45,25,11,0,0
268,30.09.2023,RODADA 7,West Ham,Sheffield Utd,2,0,2,0,0,0,1.31,0.33,54%,46%,12,5,7,0,5,5,6,3,3,1,1,2,8,13,0,5,2,4,0,0,1,1,236,202,8,9,45,44,26,21,0,0
269,30.09.2023,RODADA 7,Wolverhampton,Manchester City,2,1,1,0,1,1,0.07,0.50,31%,69%,1,13,0,2,1,11,5,10,0,2,0,0,4,11,2,0,11,5,0,0,2,1,137,315,6,8,19,75,11,52,0,0
270,30.09.2023,RODADA 7,Aston Villa,Brighton,6,1,3,0,3,1,1.06,0.81,42%,58%,14,2,5,1,9,1,10,11,0,0,0,3,18,2,1,2,13,8,0,0,2,1,175,238,9,13,43,31,23,10,0,0
271,24.09.2023,RODADA 6,Sheffield Utd,Newcastle,0,8,0,3,0,5,0.66,0.95,46%,54%,6,12,1,8,5,4,4,7,2,3,1,0,2,6,5,1,7,5,0,0,2,0,215,245,7,5,47,68,10,24,0,0
272,24.09.2023,RODADA 6,Arsenal,Tottenham,2,2,1,1,1,1,0.80,0.92,39%,61%,7,7,3,3,4,4,10,8,3,1,1,2,5,11,2,2,7,9,0,0,1,3,163,258,14,16,46,38,38,14,0,0
273,24.09.2023,RODADA 6,Brighton,Bournemouth,3,1,1,1,2,0,0.48,0.37,62%,38%,7,4,2,1,5,3,8,6,2,1,1,1,7,6,0,1,5,7,0,0,2,1,252,149,10,10,40,50,7,23,0,0
274,24.09.2023,RODADA 6,Chelsea,Aston Villa,0,1,0,0,0,1,0.65,0.19,54%,46%,3,5,2,3,1,2,3,10,4,6,5,1,7,6,3,2,5,2,0,0,0,1,222,178,10,9,50,27,22,21,0,0
275,24.09.2023,RODADA 6,Liverpool,West Ham,3,1,1,1,2,0,1.78,0.56,65%,35%,11,7,2,2,9,5,6,7,2,4,1,1,9,8,1,1,6,7,0,0,0,1,323,168,8,11,67,42,38,16,0,0
276,23.09.2023,RODADA 6,Burnley,Manchester Utd,0,1,0,1,0,0,0.63,0.35,58%,42%,6,5,2,2,4,3,8,3,4,1,1,3,5,4,1,2,2,6,0,0,0,1,300,225,7,8,58,35,28,19,0,0
277,23.09.2023,RODADA 6,Brentford,Everton,1,3,1,1,0,2,0.43,0.76,56%,44%,7,9,1,2,6,7,4,4,0,1,0,0,12,9,1,0,4,4,0,0,0,1,285,219,7,7,55,46,17,33,0,0
278,23.09.2023,RODADA 6,Crystal Palace,Fulham,0,0,0,0,0,0,0.12,0.24,51%,49%,3,4,1,4,2,0,11,2,1,2,0,0,7,6,4,1,2,11,0,0,2,2,239,228,8,14,48,47,22,26,0,0
279,23.09.2023,RODADA 6,Luton,Wolverhampton,1,1,0,0,1,1,0.40,0.00,55%,45%,9,0,2,0,7,0,6,6,4,1,0,1,15,6,0,2,6,5,0,1,0,1,233,197,13,6,77,37,39,13,0,0
280,23.09.2023,RODADA 6,Manchester City,Nottingham,2,0,2,0,0,0,0.67,0.14,77%,23%,6,1,4,0,2,1,9,4,4,1,0,2,5,4,0,2,4,8,0,0,1,2,441,135,3,7,72,29,22,8,0,0
281,18.09.2023,RODADA 5,Nottingham,Burnley,1,1,0,1,1,0,0.30,0.10,46%,54%,6,3,2,3,4,0,4,10,1,2,1,1,8,7,2,2,9,3,0,0,2,1,208,251,9,5,40,52,30,25,0,0
282,17.09.2023,RODADA 5,Everton,Arsenal,0,1,0,0,0,1,0.09,0.18,22%,78%,4,3,1,1,3,2,6,6,0,3,1,2,7,12,1,1,6,5,0,0,1,0,108,385,7,3,21,63,11,38,0,0
283,17.09.2023,RODADA 5,Bournemouth,Chelsea,0,0,0,0,0,0,0.47,0.54,33%,67%,5,5,2,2,3,3,12,7,0,3,1,0,7,6,2,2,6,12,0,0,0,2,156,333,10,6,39,59,22,32,0,0
284,16.09.2023,RODADA 5,Newcastle,Brentford,1,0,0,0,1,0,0.66,0.11,53%,47%,4,2,1,1,3,1,9,3,3,2,0,1,17,9,1,1,3,8,0,0,0,2,0,0,0,0,66,43,31,16,0,0
285,16.09.2023,RODADA 5,Aston Villa,Crystal Palace,3,1,0,0,3,1,0.82,0.08,66%,34%,7,2,1,0,6,2,5,5,1,1,1,0,11,9,0,1,4,5,0,0,2,1,308,159,10,13,60,52,38,19,0,0
286,16.09.2023,RODADA 5,Fulham,Luton,1,0,0,0,1,0,0.41,0.52,76%,24%,5,3,1,1,4,2,9,3,2,0,0,1,12,4,1,1,3,9,0,0,2,2,392,116,6,8,73,34,36,11,0,0
287,16.09.2023,RODADA 5,Manchester Utd,Brighton,1,3,0,1,1,2,0.67,0.53,42%,58%,8,3,1,1,7,2,6,5,3,0,2,1,6,4,0,1,3,5,0,0,1,2,242,340,8,13,54,40,28,19,0,0
288,16.09.2023,RODADA 5,Tottenham,Sheffield Utd,2,1,0,0,2,1,0.92,0.27,68%,32%,12,3,7,2,5,1,10,5,5,1,1,3,9,5,2,7,4,7,0,0,0,3,330,153,5,7,70,36,46,11,0,0
289,16.09.2023,RODADA 5,West Ham,Manchester City,1,3,1,0,0,3,0.84,1.47,36%,64%,3,17,2,7,1,10,6,4,2,8,1,0,4,6,7,1,3,6,0,0,1,1,170,304,8,7,27,63,12,48,0,0
290,16.09.2023,RODADA 5,Wolverhampton,Liverpool,1,3,1,0,0,3,0.37,0.71,36%,64%,8,5,2,2,6,3,1,4,4,1,0,0,10,12,2,1,4,1,0,0,0,1,174,323,11,11,39,63,37,20,0,0
291,03.09.2023,RODADA 4,Arsenal,Manchester Utd,3,1,1,1,2,0,0.89,0.27,44%,56%,6,3,1,1,5,2,3,5,8,1,0,0,5,6,0,0,5,3,0,0,1,1,212,279,5,8,57,41,31,9,0,0
292,03.09.2023,RODADA 4,Crystal Palace,Wolverhampton,3,2,0,0,3,2,0.82,0.64,40%,60%,6,9,3,1,3,8,7,4,1,2,0,1,3,11,1,3,6,6,0,0,0,2,179,262,14,15,40,67,21,25,0,0
293,03.09.2023,RODADA 4,Liverpool,Aston Villa,3,0,2,0,1,0,0.71,0.28,70%,30%,8,3,2,0,6,3,4,5,2,1,3,0,5,7,0,0,2,4,0,0,0,1,422,171,6,7,58,28,19,11,0,0
294,02.09.2023,RODADA 4,Brighton,Newcastle,3,1,1,0,2,1,0.72,0.56,60%,40%,12,4,4,0,8,4,8,8,4,1,1,0,7,6,0,3,6,9,0,0,0,2,290,195,2,9,56,43,27,22,0,0
295,02.09.2023,RODADA 4,Brentford,Bournemouth,2,2,1,1,1,1,0.66,0.80,55%,45%,6,7,2,3,4,4,10,5,1,0,1,1,8,11,2,1,3,8,0,0,0,0,227,183,13,13,57,37,18,20,0,0
296,02.09.2023,RODADA 4,Burnley,Tottenham,2,5,1,2,1,3,0.47,1.05,48%,52%,4,13,1,5,3,8,4,9,1,3,2,0,13,5,3,0,7,4,0,0,1,2,222,244,13,11,42,47,14,28,0,0
297,02.09.2023,RODADA 4,Chelsea,Nottingham,0,1,0,0,0,1,0.89,0.27,69%,31%,11,3,1,0,10,3,6,10,2,0,1,0,8,10,0,1,7,6,0,0,3,1,315,144,11,7,75,40,32,11,0,0
298,02.09.2023,RODADA 4,Manchester City,Fulham,5,1,2,1,3,0,0.61,0.89,59%,41%,3,3,2,2,1,1,4,10,2,3,0,0,15,6,1,0,9,6,0,0,1,2,302,198,9,7,62,32,21,14,0,0
299,02.09.2023,RODADA 4,Sheffield Utd,Everton,2,2,2,1,0,1,0.34,1.74,46%,54%,6,9,4,3,2,6,4,3,2,4,0,0,13,18,2,2,3,4,0,0,0,1,209,235,5,9,45,78,11,35,0,0
300,01.09.2023,RODADA 4,Luton,West Ham,1,2,0,1,1,1,0.59,0.67,33%,67%,8,6,0,1,8,5,8,3,4,3,0,2,8,9,0,0,3,5,0,0,0,0,157,341,6,8,47,62,35,28,0,0
301,27.08.2023,RODADA 3,Newcastle,Liverpool,1,2,1,0,0,2,0.90,0.27,54%,46%,8,4,4,2,4,2,8,9,3,4,0,1,5,11,2,3,9,7,0,1,0,1,256,214,10,6,45,45,22,11,0,0
302,27.08.2023,RODADA 3,Burnley,Aston Villa,1,3,0,2,1,1,0.05,1.67,56%,44%,2,8,0,4,2,4,5,8,1,2,2,1,6,4,2,0,6,4,0,0,2,0,305,244,5,10,59,47,14,18,0,0
303,27.08.2023,RODADA 3,Sheffield Utd,Manchester City,1,2,0,0,1,2,0.00,1.68,17%,83%,0,12,0,3,0,9,1,4,0,5,1,1,4,2,3,0,5,0,0,0,1,0,82,391,5,9,30,81,7,36,0,0
304,26.08.2023,RODADA 3,Brighton,West Ham,1,3,0,1,1,2,0.79,1.22,84%,16%,9,4,2,2,7,2,6,7,6,3,0,1,7,6,1,2,6,6,0,0,0,2,355,62,3,8,79,22,53,14,0,0
305,26.08.2023,RODADA 3,Arsenal,Fulham,2,2,0,1,2,1,1.26,0.26,72%,28%,8,6,4,1,4,5,1,3,4,1,1,0,9,2,0,4,2,1,0,0,0,1,363,143,6,5,88,20,52,3,0,0
306,26.08.2023,RODADA 3,Brentford,Crystal Palace,1,1,1,0,0,1,0.45,0.34,61%,39%,5,5,1,1,4,4,7,6,3,0,2,2,5,7,1,0,4,5,0,0,0,0,280,181,7,5,63,37,18,12,0,0
307,26.08.2023,RODADA 3,Everton,Wolverhampton,0,1,0,0,0,1,0.59,0.32,42%,58%,8,6,2,0,6,6,4,3,2,0,0,0,8,12,0,2,3,4,0,0,0,2,203,284,11,11,50,42,28,24,0,0
308,26.08.2023,RODADA 3,Manchester Utd,Nottingham,3,2,1,2,2,0,1.19,0.86,70%,30%,9,3,5,2,4,1,5,6,4,1,1,2,8,6,0,4,6,3,0,0,0,2,371,159,6,10,74,31,52,13,0,0
309,26.08.2023,RODADA 3,Bournemouth,Tottenham,0,2,0,1,0,1,0.48,1.31,48%,52%,6,9,2,5,4,4,4,12,4,2,2,0,14,9,4,2,10,4,0,0,1,0,193,216,6,10,43,37,28,28,0,0
310,25.08.2023,RODADA 3,Chelsea,Luton,3,0,1,0,2,0,0.56,0.08,70%,30%,7,3,2,0,5,3,5,8,3,2,0,0,8,4,0,1,8,5,0,0,0,2,370,152,1,8,60,42,33,21,0,0
311,21.08.2023,RODADA 2,Crystal Palace,Arsenal,0,1,0,0,0,1,0.17,0.90,31%,69%,4,9,1,1,3,8,4,6,0,5,0,1,7,4,1,1,8,3,0,0,1,0,131,292,7,7,32,60,12,41,0,0
312,20.08.2023,RODADA 2,West Ham,Chelsea,3,1,1,1,2,0,0.70,2.00,21%,79%,6,11,2,3,4,8,4,8,2,5,2,1,8,4,2,1,6,3,0,0,3,2,96,376,7,6,24,72,19,46,0,0
313,20.08.2023,RODADA 2,Aston Villa,Everton,4,0,2,0,2,0,2.11,0.21,66%,34%,7,3,4,1,3,2,7,4,4,2,1,0,6,9,1,2,3,8,0,0,2,3,291,144,3,7,54,35,32,22,0,0
314,19.08.2023,RODADA 2,Manchester City,Newcastle,1,0,1,0,0,0,0.41,0.05,60%,40%,10,2,1,0,9,2,4,8,1,0,1,1,7,6,0,0,6,3,0,0,0,2,370,249,7,3,68,42,29,12,0,0
315,19.08.2023,RODADA 2,Tottenham,Manchester Utd,2,0,0,0,2,0,0.47,1.16,57%,43%,7,14,3,3,4,11,7,4,2,4,1,1,12,8,3,3,3,7,0,0,0,3,234,178,7,11,45,38,21,27,0,0
316,19.08.2023,RODADA 2,Fulham,Brentford,0,3,0,1,0,2,0.15,0.90,56%,44%,4,8,0,4,4,4,0,0,3,2,1,2,0,0,3,0,8,6,0,0,1,1,239,184,3,2,49,42,18,26,0,0
317,19.08.2023,RODADA 2,Liverpool,Bournemouth,3,1,2,1,1,0,1.58,0.18,71%,29%,14,3,5,2,9,1,0,0,7,0,1,2,0,0,1,3,5,7,0,0,1,3,322,132,8,10,60,50,28,9,0,0
318,19.08.2023,RODADA 2,Wolverhampton,Brighton,1,4,0,1,1,3,0.95,0.76,41%,59%,8,6,2,2,6,4,0,0,1,3,2,2,0,0,1,2,7,4,0,0,1,3,187,278,11,10,50,56,16,27,0,0
319,18.08.2023,RODADA 2,Nottingham,Sheffield Utd,2,1,1,0,1,1,0.67,0.02,48%,52%,9,1,2,1,7,0,6,4,4,3,1,1,9,7,1,1,3,6,0,0,2,1,203,221,7,8,48,57,17,17,0,0
320,14.08.2023,RODADA 1,Manchester Utd,Wolverhampton,1,0,0,0,1,0,0.42,0.20,61%,39%,8,5,1,0,7,5,9,11,4,1,0,3,5,6,0,1,10,6,0,0,2,2,283,181,8,9,71,34,30,21,0,0
321,13.08.2023,RODADA 1,Chelsea,Liverpool,1,1,1,1,0,0,0.86,0.97,65%,35%,7,7,2,1,4,5,11,4,2,0,1,3,12,9,0,1,0,0,3,7,0,0,2,1,8,11,73,50,0,0,38,18
322,13.08.2023,RODADA 1,Brentford,Tottenham,2,2,2,2,0,0,1.77,0.70,35%,65%,5,5,4,2,1,3,8,5,3,1,1,0,8,9,0,2,4,9,0,0,0,4,87,130,8,7,32,89,23,36,0,0
323,12.08.2023,RODADA 1,Newcastle,Aston Villa,5,1,2,1,3,0,1.24,0.68,55%,45%,5,7,4,2,1,5,11,7,1,1,0,1,9,14,1,2,7,10,0,0,1,3,261,199,11,3,45,54,21,20,0,0
324,12.08.2023,RODADA 1,Bournemouth,West Ham,1,1,0,0,1,1,0.16,0.80,65%,35%,3,10,2,2,1,8,6,5,4,3,0,0,6,14,2,2,5,5,0,0,0,1,287,143,8,15,62,43,22,16,0,0
325,12.08.2023,RODADA 1,Brighton,Luton,4,1,1,0,3,1,1.09,0.46,72%,28%,15,6,3,1,12,5,3,2,3,3,1,0,4,3,1,2,3,4,0,0,2,0,311,117,5,8,79,30,36,22,0,0
326,12.08.2023,RODADA 1,Everton,Fulham,0,1,0,0,0,1,0.64,0.02,31%,69%,9,1,4,0,5,1,5,9,4,1,4,3,8,8,0,4,6,2,0,0,0,1,145,344,7,3,38,58,21,14,0,0
327,12.08.2023,RODADA 1,Sheffield Utd,Crystal Palace,0,1,0,0,0,1,0.02,0.45,33%,67%,4,14,1,3,3,11,8,11,4,4,2,1,9,19,3,1,9,5,0,0,1,0,129,259,10,8,41,64,20,30,0,0
328,12.08.2023,RODADA 1,Arsenal,Nottingham,2,1,2,0,0,1,0.26,0.45,84%,16%,7,1,3,0,4,1,3,7,5,0,2,0,9,3,0,1,5,3,0,0,1,1,432,77,9,8,80,19,36,5,0,0
329,11.08.2023,RODADA 1,Burnley,Manchester City,0,3,0,2,0,1,0.23,0.87,23%,77%,4,5,1,3,3,2,5,6,1,1,0,1,5,8,1,1,5,5,0,0,0,0,142,402,5,9,41,54,10,22,0,0
