,Data,Round,HomeTeam,AwayTeam,HT0G,AT0G,HT1G,AT1G,HT2G,AT2G,GEHT0T,GEAT0T,PBHT0T,PBAT0T,TGHT0T,TGAT0T,CGHT0T,CGAT0T,CFHT0T,CFAT0T,FCHT0T,FCAT0T,EHT0T,EAT0T,IHT0T,IAT0T,LCHT0T,LCAT0T,DGHT0T,DGAT0T,FHT0T,FAT0T,CVHT0T,CVAT0T,CAHT0T,CAAT0T,PTHT0T,PTAT0T,DHT0T,DAT0T,AHT0T,AAT0T,APHT0T,APAT0T,BACHT0T,BACAT0T
0,20.04.2024,RODADA 34,Catanzaro,Cremonese,0,0,0,0,0,0,0.91,0.61,44%,56%,10,10,4,1,4,6,18,11,2,6,2,0,18,18,1,4,0,0,16,9,1,3,345,425,5,7,64,63,34,43,13,9
1,20.04.2024,RODADA 34,Lecco,Venezia,1,2,1,0,0,2,0.80,1.58,41%,59%,9,23,4,11,4,9,15,15,1,6,0,3,12,17,9,3,15,11,1,0,2,1,382,538,14,12,71,117,38,44,26,15
2,20.04.2024,RODADA 34,Spezia,Sampdoria,0,0,0,0,0,0,1.43,0.30,52%,48%,12,4,1,0,9,2,17,24,7,3,2,0,19,16,0,1,0,0,22,16,3,2,410,395,15,14,103,74,62,13,8,27
3,20.04.2024,RODADA 34,Sudtirol,Cittadella,0,0,0,0,0,0,0.98,0.52,64%,36%,11,11,2,5,4,5,13,9,2,5,1,0,14,19,5,2,0,0,9,12,0,2,604,330,11,22,126,79,45,48,19,10
4,20.04.2024,RODADA 34,Ascoli,Modena,0,0,0,0,0,0,1.14,0.44,55%,45%,11,11,1,4,4,3,21,23,3,5,2,1,31,26,4,1,0,0,18,19,3,3,435,355,12,20,132,102,55,31,25,20
5,20.04.2024,RODADA 34,Bari,Pisa,1,1,0,1,1,0,1.59,0.48,52%,48%,12,8,5,2,5,2,11,17,7,5,3,1,13,10,1,4,0,0,11,15,2,1,370,366,20,12,95,100,56,30,17,29
6,20.04.2024,RODADA 34,Brescia,Ternana,0,0,0,0,0,0,1.10,0.90,67%,33%,20,10,3,4,13,4,14,13,8,6,2,1,22,17,4,3,0,0,13,11,1,2,532,256,11,16,128,71,62,29,20,21
7,20.04.2024,RODADA 34,FeralpiSalo,Como,2,5,2,3,0,2,0.81,2.36,49%,51%,12,19,4,7,2,8,19,11,8,10,2,0,23,20,2,2,0,0,8,18,1,1,372,382,16,22,88,92,39,47,21,21
8,19.04.2024,RODADA 34,Palermo,Parma,0,0,0,0,0,0,0.82,0.55,49%,51%,9,14,2,4,5,6,10,17,7,5,4,3,19,12,4,2,0,0,7,13,2,2,474,509,5,12,94,98,58,42,9,23
9,19.04.2024,RODADA 34,Reggiana,Cosenza,0,4,0,2,0,2,0.84,1.09,59%,41%,18,14,3,6,9,5,16,12,6,5,1,1,23,13,2,3,0,0,15,11,1,4,520,371,8,14,109,66,58,20,10,23
10,14.04.2024,RODADA 33,Venezia,Brescia,2,0,1,0,1,0,2.07,0.59,45%,55%,20,9,6,4,11,4,13,15,9,3,0,0,15,20,4,4,0,0,13,15,2,2,351,441,12,7,87,82,50,36,20,21
11,13.04.2024,RODADA 33,Cosenza,Palermo,1,1,0,1,1,0,0.91,0.50,32%,68%,12,8,2,1,6,3,8,12,3,3,1,0,15,22,0,1,0,0,9,11,1,0,296,630,9,8,56,102,29,40,17,15
12,13.04.2024,RODADA 33,Lecco,Reggiana,1,0,0,0,1,0,0.43,0.52,47%,53%,6,13,1,2,3,8,16,19,4,2,0,0,20,27,2,0,0,0,16,18,2,4,405,461,10,14,74,97,35,36,19,13
13,13.04.2024,RODADA 33,Parma,Spezia,2,0,1,0,1,0,0.44,0.29,48%,52%,11,10,4,2,5,4,12,19,6,3,0,1,11,20,2,2,0,0,11,20,3,2,421,445,14,13,85,86,35,41,28,10
14,13.04.2024,RODADA 33,Cittadella,Ascoli,0,0,0,0,0,0,1.00,0.26,50%,50%,8,9,2,3,3,5,25,19,1,3,1,1,30,30,3,2,0,0,22,14,3,1,370,376,19,7,105,85,44,35,9,21
15,13.04.2024,RODADA 33,Como,Bari,2,1,1,0,1,1,2.41,1.54,55%,45%,14,12,6,4,6,2,14,13,3,4,0,2,21,22,3,4,0,0,11,13,1,5,481,393,16,17,106,96,38,33,21,13
16,13.04.2024,RODADA 33,Cremonese,Ternana,1,2,1,1,0,1,2.13,1.77,75%,25%,27,11,10,6,9,1,16,5,4,3,1,2,11,16,4,9,0,0,14,4,1,3,657,221,11,17,154,67,83,14,11,21
17,13.04.2024,RODADA 33,Pisa,FeralpiSalo,3,1,2,0,1,1,1.00,2.09,52%,48%,12,16,5,5,4,7,16,18,5,7,4,2,10,19,4,2,0,0,14,11,3,3,377,342,17,14,70,96,40,55,15,13
18,13.04.2024,RODADA 33,Sampdoria,Sudtirol,0,1,0,0,0,1,0.41,0.42,47%,53%,10,12,3,3,4,4,15,16,7,5,3,1,10,10,2,3,0,0,17,10,2,3,457,534,11,11,100,106,55,39,16,19
19,12.04.2024,RODADA 33,Modena,Catanzaro,1,3,1,2,0,1,1.51,1.08,45%,55%,15,9,7,5,2,2,11,15,8,4,2,1,20,11,2,6,0,0,9,11,3,1,405,517,9,11,102,74,42,15,6,27
20,07.04.2024,RODADA 32,Ascoli,Venezia,0,0,0,0,0,0,0.42,0.90,39%,61%,6,11,1,1,3,9,20,15,4,7,2,2,34,21,1,1,16,11,1,0,2,2,300,456,18,13,90,101,51,44,24,23
21,06.04.2024,RODADA 32,Catanzaro,Como,1,2,1,0,0,2,0.62,1.62,62%,38%,8,12,2,4,3,6,15,19,8,3,5,2,18,20,2,1,0,0,12,12,3,1,529,315,6,16,80,82,41,39,18,20
22,06.04.2024,RODADA 32,Palermo,Sampdoria,2,2,2,1,0,1,1.57,0.55,47%,53%,10,15,6,4,3,6,18,16,5,3,1,1,14,15,2,4,0,0,18,14,2,1,374,432,11,19,85,96,39,37,19,16
23,06.04.2024,RODADA 32,Reggiana,Cittadella,0,2,0,0,0,2,2.82,0.55,52%,48%,26,9,2,6,15,1,14,13,7,5,0,0,19,20,4,2,0,0,13,12,2,3,378,349,12,16,106,102,48,46,12,22
24,06.04.2024,RODADA 32,Brescia,Pisa,3,1,1,0,2,1,1.32,0.37,43%,57%,10,9,3,3,3,4,17,10,1,2,1,1,8,24,2,0,0,0,14,11,2,4,382,498,14,18,99,101,31,42,13,12
25,06.04.2024,RODADA 32,FeralpiSalo,Cosenza,2,2,1,1,1,1,1.60,0.76,48%,52%,15,11,6,2,5,6,4,9,9,5,1,0,23,16,0,4,0,0,5,4,2,2,351,390,11,15,82,108,44,28,9,15
26,06.04.2024,RODADA 32,Spezia,Lecco,1,1,1,1,0,0,1.21,0.53,49%,51%,18,13,7,4,6,7,20,12,6,4,1,0,14,31,3,6,19,11,0,1,2,7,355,375,11,9,86,75,49,36,22,21
27,06.04.2024,RODADA 32,Sudtirol,Parma,0,0,0,0,0,0,0.32,0.64,49%,51%,8,11,2,3,4,5,16,20,4,4,1,1,16,16,3,2,0,0,13,18,1,2,449,477,18,7,80,106,33,49,9,16
28,06.04.2024,RODADA 32,Ternana,Modena,0,0,0,0,0,0,0.86,2.61,37%,63%,12,26,0,10,5,12,15,19,5,4,1,2,17,19,10,0,0,0,12,17,2,3,313,534,12,14,73,113,24,58,34,15
29,05.04.2024,RODADA 32,Bari,Cremonese,1,2,0,1,1,1,1.25,1.68,38%,62%,12,15,6,5,2,6,11,15,7,2,2,2,23,18,3,5,0,0,13,9,5,3,311,529,12,7,75,93,42,54,18,22
30,01.04.2024,RODADA 31,Sampdoria,Ternana,4,1,1,0,3,1,3.06,1.42,56%,44%,19,11,8,3,5,5,18,13,10,6,0,1,9,15,2,4,0,0,17,13,0,2,457,361,14,21,95,102,47,42,21,25
31,01.04.2024,RODADA 31,Cremonese,FeralpiSalo,0,1,0,0,0,1,2.28,1.13,64%,36%,28,10,5,3,12,5,9,10,11,1,1,0,15,8,2,5,0,0,0,0,8,10,500,293,22,20,118,80,88,33,8,36
32,01.04.2024,RODADA 31,Como,Sudtirol,2,0,1,0,1,0,0.63,0.80,49%,51%,13,6,3,3,5,2,18,21,8,5,3,2,32,27,3,1,0,0,13,15,1,1,401,434,14,8,91,88,36,29,10,20
33,01.04.2024,RODADA 31,Cosenza,Brescia,1,2,1,1,0,1,0.69,1.27,48%,52%,9,14,3,5,3,3,13,16,7,4,2,2,23,21,3,2,0,0,10,13,4,2,359,418,8,11,98,99,60,60,19,29
34,01.04.2024,RODADA 31,Lecco,Cittadella,1,1,1,1,0,0,0.58,0.59,58%,42%,13,10,4,4,4,4,15,12,4,3,2,3,35,33,3,3,0,0,15,9,1,4,374,275,14,19,96,96,55,40,35,20
35,01.04.2024,RODADA 31,Parma,Catanzaro,0,2,0,2,0,0,2.02,0.95,58%,42%,27,7,5,3,12,2,10,16,8,5,1,2,16,13,1,5,0,0,0,0,8,14,565,419,16,19,141,26,99,15,7,27
36,01.04.2024,RODADA 31,Pisa,Palermo,4,3,0,2,4,1,2.00,1.38,69%,31%,22,6,9,5,9,1,19,11,9,1,0,1,16,16,2,5,15,12,0,1,3,3,551,260,13,16,106,44,63,21,7,29
37,01.04.2024,RODADA 31,Spezia,Ascoli,2,1,1,1,1,0,2.33,0.30,52%,48%,10,7,6,3,3,4,23,13,4,4,2,2,14,24,2,4,0,0,19,11,1,1,403,373,17,22,113,86,40,36,13,21
38,01.04.2024,RODADA 31,Venezia,Reggiana,2,3,2,1,0,2,2.42,1.77,52%,48%,18,16,6,5,7,6,8,12,7,6,1,1,18,18,2,4,0,0,7,11,0,3,481,450,15,17,89,71,38,40,15,28
39,01.04.2024,RODADA 31,Modena,Bari,1,1,0,0,1,1,1.06,0.36,52%,48%,8,8,2,4,3,3,12,17,2,3,2,1,20,19,3,1,0,0,11,13,4,1,448,423,22,14,122,77,41,29,11,23
40,17.03.2024,RODADA 30,Ascoli,Lecco,4,1,2,1,2,0,1.83,2.40,46%,54%,10,15,7,6,3,5,18,16,5,4,2,4,17,21,5,3,0,0,16,16,2,2,293,358,15,12,112,76,44,22,9,17
41,16.03.2024,RODADA 30,Bari,Sampdoria,0,1,0,0,0,1,1.68,0.94,52%,48%,14,11,3,4,6,2,10,19,7,5,1,5,16,15,3,3,0,0,8,17,3,3,422,398,8,14,106,96,53,26,17,19
42,16.03.2024,RODADA 30,Cittadella,Modena,1,1,1,1,0,0,0.63,1.23,55%,45%,9,14,3,4,2,4,13,16,6,5,2,0,24,32,3,2,0,0,14,13,2,2,429,355,10,13,116,101,32,38,21,19
43,16.03.2024,RODADA 30,Reggiana,Spezia,0,0,0,0,0,0,0.36,1.17,49%,51%,11,15,0,5,10,7,11,21,3,7,2,1,13,22,5,0,9,16,1,0,3,4,389,393,10,11,67,119,26,54,18,18
44,16.03.2024,RODADA 30,Brescia,Catanzaro,1,1,0,1,1,0,1.14,0.90,50%,50%,18,13,3,6,9,4,10,17,9,6,1,3,17,7,5,2,0,0,7,15,2,2,425,435,10,9,97,72,49,35,18,19
45,16.03.2024,RODADA 30,Como,Pisa,3,1,2,0,1,1,1.62,0.86,45%,55%,10,9,6,2,2,5,15,19,1,2,2,3,28,14,1,3,0,0,11,17,4,2,395,482,12,22,78,96,37,29,12,10
46,16.03.2024,RODADA 30,FeralpiSalo,Parma,1,2,0,1,1,1,0.68,0.81,45%,55%,11,17,2,5,6,5,12,12,4,9,5,0,17,7,3,1,0,0,11,6,1,1,377,478,19,13,113,105,48,55,8,24
47,16.03.2024,RODADA 30,Sudtirol,Cremonese,3,0,1,0,2,0,1.05,1.49,38%,62%,7,18,4,2,3,12,13,10,0,7,3,3,17,13,2,1,0,0,0,0,9,6,327,493,9,11,79,137,22,87,30,9
48,16.03.2024,RODADA 30,Ternana,Cosenza,1,0,0,0,1,0,0.92,1.10,46%,54%,17,13,3,7,6,5,9,13,9,6,1,1,23,22,7,2,0,0,6,13,4,2,375,445,17,15,99,109,57,41,19,26
49,15.03.2024,RODADA 30,Palermo,Venezia,0,3,0,2,0,1,0.59,1.49,54%,46%,14,17,3,8,6,7,15,14,6,3,0,1,15,14,5,3,0,0,13,14,1,1,467,398,10,21,117,73,50,49,10,28
50,11.03.2024,RODADA 29,Sampdoria,Ascoli,2,1,0,1,2,0,1.54,1.16,62%,38%,16,12,6,2,8,8,31,18,7,3,3,2,16,19,1,4,0,0,14,27,3,3,422,260,21,12,116,102,46,27,16,28
51,10.03.2024,RODADA 29,Lecco,Palermo,0,1,0,1,0,0,1.09,0.83,56%,44%,17,7,3,4,9,1,11,17,7,3,0,2,38,18,3,3,0,0,16,6,1,0,438,369,15,18,115,88,68,32,12,25
52,10.03.2024,RODADA 29,Venezia,Bari,3,1,2,1,1,0,1.93,1.46,52%,48%,15,16,5,2,7,5,10,18,6,6,2,0,14,23,1,2,0,0,14,10,2,2,452,407,17,9,96,88,41,54,26,14
53,09.03.2024,RODADA 29,Catanzaro,Reggiana,0,1,0,1,0,0,0.43,0.33,66%,34%,16,5,5,2,7,2,19,13,7,2,2,0,13,15,1,5,0,0,17,8,2,1,635,340,12,10,157,68,69,22,8,31
54,09.03.2024,RODADA 29,Cremonese,Como,2,1,1,0,1,1,1.32,0.12,70%,30%,14,3,3,1,8,1,10,21,7,1,4,1,19,13,0,1,10,14,0,1,2,3,534,222,11,14,124,59,78,26,9,23
55,09.03.2024,RODADA 29,Pisa,Ternana,1,0,0,0,1,0,0.73,1.29,64%,36%,16,15,3,6,5,7,14,14,5,8,0,1,20,18,6,2,0,0,13,16,1,2,539,284,13,23,119,82,67,46,15,17
56,09.03.2024,RODADA 29,Cosenza,Cittadella,0,0,0,0,0,0,0.66,0.32,55%,45%,14,9,4,3,4,5,19,16,6,4,2,1,23,28,3,4,0,0,15,14,2,4,391,300,15,12,97,102,32,68,33,22
57,09.03.2024,RODADA 29,Modena,FeralpiSalo,2,3,1,2,1,1,1.23,1.13,55%,45%,21,14,6,5,8,4,18,13,7,5,0,2,22,11,2,4,0,0,17,14,3,2,405,342,14,12,111,83,57,23,6,20
58,09.03.2024,RODADA 29,Spezia,Sudtirol,2,1,1,1,1,0,0.20,0.79,37%,63%,12,9,4,2,4,6,17,10,5,6,1,1,14,19,1,2,0,0,17,12,2,4,301,515,11,18,92,126,54,36,18,26
59,08.03.2024,RODADA 29,Parma,Brescia,2,1,0,1,2,0,1.73,0.96,57%,43%,14,15,5,6,6,6,10,9,2,2,0,2,17,23,5,3,11,10,0,1,2,3,515,380,9,21,141,76,67,30,14,9
60,03.03.2024,RODADA 28,Modena,Cremonese,0,1,0,0,0,1,0.92,0.94,44%,56%,15,16,5,4,5,7,15,15,8,1,3,2,23,30,3,5,12,12,0,1,4,1,383,485,19,9,90,112,38,58,17,22
61,03.03.2024,RODADA 28,Ascoli,Reggiana,0,0,0,0,0,0,0.86,0.78,47%,53%,8,11,3,3,3,3,23,20,3,7,1,0,27,24,3,3,18,22,1,0,2,2,320,350,12,13,100,102,44,49,24,16
62,03.03.2024,RODADA 28,Bari,Spezia,1,1,0,0,1,1,0.45,0.49,56%,44%,11,10,3,4,5,3,16,11,5,8,1,0,18,21,3,2,0,0,10,17,3,3,461,354,16,20,77,98,46,38,17,11
63,03.03.2024,RODADA 28,Cittadella,Pisa,0,1,0,0,0,1,0.24,1.11,41%,59%,6,12,0,3,2,7,11,16,4,3,1,0,30,32,2,0,0,0,10,14,2,2,320,463,19,24,102,101,45,46,12,20
64,03.03.2024,RODADA 28,Como,Venezia,2,1,1,1,1,0,0.48,0.56,46%,54%,8,10,4,3,1,2,14,10,5,5,0,2,21,17,2,2,0,0,10,13,1,2,382,433,8,8,75,101,34,54,34,14
65,03.03.2024,RODADA 28,Cosenza,Catanzaro,0,2,0,1,0,1,0.98,1.50,46%,54%,13,6,2,4,8,2,7,25,8,1,1,2,13,7,2,2,4,24,1,0,6,1,381,473,13,9,92,50,51,23,9,27
66,03.03.2024,RODADA 28,FeralpiSalo,Sampdoria,1,3,0,2,1,1,0.88,1.48,52%,48%,11,8,4,4,4,2,22,8,5,2,0,3,18,19,1,3,0,0,19,8,1,6,448,418,11,16,120,79,47,27,5,24
67,02.03.2024,RODADA 28,Brescia,Palermo,4,2,4,2,0,0,1.14,1.45,60%,40%,16,15,7,7,5,6,18,10,5,5,2,0,17,13,5,3,15,11,0,1,3,3,505,332,18,11,82,77,43,30,18,16
68,02.03.2024,RODADA 28,Sudtirol,Lecco,1,0,0,0,1,0,0.78,0.18,69%,31%,14,7,2,0,8,4,18,15,10,4,1,1,19,23,0,1,0,0,17,13,4,3,529,226,19,21,124,68,58,34,16,26
69,02.03.2024,RODADA 28,Ternana,Parma,1,3,0,2,1,1,2.13,2.63,51%,49%,15,15,5,7,5,4,9,12,5,5,1,0,16,18,4,4,0,0,11,10,3,5,456,453,22,10,93,110,42,50,8,18
70,28.02.2024,RODADA 27,Pisa,Modena,2,2,1,0,1,2,0.94,1.36,42%,58%,5,9,4,4,0,3,15,12,3,6,1,3,18,28,2,2,12,11,1,0,3,5,366,487,15,19,64,135,33,48,37,11
71,28.02.2024,RODADA 27,Spezia,FeralpiSalo,0,2,0,1,0,1,0.80,0.81,67%,33%,19,9,2,2,10,6,14,17,8,3,0,2,30,17,0,2,0,0,13,15,3,1,555,280,17,13,139,69,51,30,8,30
72,28.02.2024,RODADA 27,Venezia,Cittadella,2,0,1,0,1,0,1.11,0.91,52%,48%,11,23,4,5,4,10,11,10,4,14,1,0,21,32,5,2,0,0,10,8,1,2,432,370,14,14,87,121,20,79,37,13
73,27.02.2024,RODADA 27,Catanzaro,Bari,2,0,1,0,1,0,1.27,1.53,38%,62%,7,21,4,4,2,13,20,10,2,3,1,2,12,19,4,2,0,0,16,10,2,3,370,589,9,12,54,90,38,86,20,7
74,27.02.2024,RODADA 27,Lecco,Como,0,3,0,2,0,1,0.15,1.08,49%,51%,6,18,1,6,3,8,9,21,4,6,3,2,26,22,3,1,0,0,7,17,2,0,427,454,14,16,65,83,66,88,30,26
75,27.02.2024,RODADA 27,Palermo,Ternana,2,3,1,1,1,2,0.27,1.80,57%,43%,10,16,3,4,3,9,16,11,3,4,0,2,17,18,1,1,0,0,14,11,2,2,508,372,10,20,77,63,74,55,22,22
76,27.02.2024,RODADA 27,Parma,Cosenza,1,1,1,1,0,0,0.63,1.02,48%,52%,12,8,2,3,3,4,17,16,7,5,1,1,23,19,2,1,16,14,1,0,4,3,467,491,9,13,230,188,135,97,16,20
77,27.02.2024,RODADA 27,Sampdoria,Cremonese,1,2,1,1,0,1,0.82,1.74,42%,58%,8,22,2,7,5,9,17,17,3,10,1,1,16,18,5,1,0,0,16,14,2,4,381,510,14,11,74,97,40,97,25,6
78,27.02.2024,RODADA 27,Ascoli,Brescia,1,1,1,1,0,0,1.51,0.10,54%,46%,15,5,5,1,8,3,23,20,4,0,3,1,26,24,0,4,0,0,21,16,1,1,404,346,12,19,240,185,168,69,10,34
79,27.02.2024,RODADA 27,Reggiana,Sudtirol,1,1,0,0,1,1,0.93,0.58,54%,46%,9,9,1,4,4,4,15,11,2,2,0,3,15,17,3,0,0,0,11,12,2,2,581,484,12,16,93,78,64,49,14,17
80,25.02.2024,RODADA 26,Modena,Spezia,0,0,0,0,0,0,1.46,0.14,75%,25%,31,3,7,0,13,3,13,18,11,0,1,1,19,13,0,7,12,18,0,1,4,4,588,204,19,17,112,60,94,29,10,39
81,24.02.2024,RODADA 26,Como,Parma,1,1,1,1,0,0,0.70,1.62,59%,41%,5,14,2,5,1,6,15,17,3,3,3,3,21,28,4,1,0,0,11,14,2,2,513,346,11,19,103,103,40,52,21,16
82,24.02.2024,RODADA 26,Pisa,Venezia,1,2,0,0,1,2,0.56,1.06,52%,48%,15,12,2,4,8,5,11,14,4,3,1,4,21,19,2,1,0,0,10,13,2,3,454,423,13,19,89,95,38,40,18,17
83,24.02.2024,RODADA 26,Ternana,Lecco,0,0,0,0,0,0,0.55,0.66,52%,48%,7,18,2,4,2,10,15,20,7,9,2,0,22,23,4,2,0,0,15,17,2,1,402,372,16,8,106,82,51,52,28,17
84,24.02.2024,RODADA 26,Brescia,Reggiana,0,0,0,0,0,0,0.83,0.78,42%,58%,11,11,2,5,4,4,17,15,0,2,1,1,22,27,5,2,0,0,13,14,2,1,386,531,27,16,118,134,28,50,25,9
85,24.02.2024,RODADA 26,Cittadella,Catanzaro,1,2,1,1,0,1,1.69,0.87,34%,66%,12,11,4,5,6,2,17,24,5,5,0,1,23,15,3,3,0,0,16,21,1,4,257,525,5,20,80,82,47,26,15,37
86,24.02.2024,RODADA 26,Cremonese,Palermo,2,2,0,2,2,0,1.65,1.80,44%,56%,17,16,5,8,7,5,18,8,5,9,2,1,11,23,6,3,17,5,1,0,1,3,299,397,18,16,88,79,47,58,26,25
87,24.02.2024,RODADA 26,FeralpiSalo,Ascoli,0,1,0,1,0,0,1.28,0.56,66%,34%,15,10,4,4,4,4,20,18,7,3,0,2,25,18,3,4,0,0,19,16,2,3,508,264,9,13,143,83,63,21,12,29
88,24.02.2024,RODADA 26,Sudtirol,Bari,1,0,0,0,1,0,1.46,0.28,59%,41%,7,4,1,1,3,1,19,14,3,4,1,1,17,27,1,0,0,0,18,11,3,1,495,339,24,21,102,83,49,51,20,15
89,23.02.2024,RODADA 26,Cosenza,Sampdoria,1,2,0,2,1,0,1.93,0.96,60%,40%,19,7,6,3,9,3,7,9,12,0,2,0,25,24,1,5,0,0,10,8,2,5,498,353,15,17,127,63,75,16,13,36
90,18.02.2024,RODADA 25,Venezia,Modena,2,2,1,0,1,2,1.75,1.81,57%,43%,14,13,4,4,3,7,11,10,7,4,1,1,17,12,2,2,0,0,8,11,2,3,497,378,8,14,112,70,64,63,18,24
91,17.02.2024,RODADA 25,Catanzaro,Sudtirol,2,2,1,1,1,1,2.02,0.31,59%,41%,16,6,6,3,6,1,24,13,6,2,0,0,15,14,1,4,13,24,1,0,3,3,539,368,14,16,124,79,44,17,7,19
92,17.02.2024,RODADA 25,Palermo,Como,3,0,1,0,2,0,1.14,0.74,33%,67%,7,17,4,3,1,10,20,19,0,8,4,2,16,15,3,1,0,0,16,14,1,3,246,487,27,18,56,123,15,49,27,6
93,17.02.2024,RODADA 25,Sampdoria,Brescia,1,1,0,0,1,1,1.12,0.20,50%,50%,13,8,3,4,4,3,15,10,2,6,0,0,10,18,3,2,0,0,17,12,1,2,471,446,10,21,98,97,53,55,15,15
94,17.02.2024,RODADA 25,Bari,FeralpiSalo,1,0,0,0,1,0,1.34,0.24,49%,51%,8,8,3,2,3,5,18,15,4,0,1,0,18,20,2,2,0,0,17,14,3,1,378,392,25,22,101,121,47,34,13,9
95,17.02.2024,RODADA 25,Lecco,Cosenza,1,3,0,2,1,1,1.76,1.85,53%,47%,25,15,6,6,12,4,17,14,13,2,3,3,38,25,3,5,0,0,12,12,5,4,389,352,14,22,93,87,81,33,14,36
96,17.02.2024,RODADA 25,Parma,Pisa,3,2,1,1,2,1,1.54,1.56,47%,53%,16,8,9,3,1,4,14,11,3,2,1,2,23,22,1,6,0,0,12,10,2,3,469,532,13,24,126,73,58,27,5,15
97,17.02.2024,RODADA 25,Reggiana,Ternana,0,2,0,1,0,1,1.05,1.97,60%,40%,17,10,6,6,7,4,20,20,7,4,2,3,23,11,4,6,0,0,17,18,3,3,507,340,14,19,107,104,40,28,9,20
98,17.02.2024,RODADA 25,Spezia,Cittadella,4,2,2,1,2,1,1.65,0.96,65%,35%,15,7,8,3,4,3,17,18,4,4,1,0,15,27,1,4,18,19,0,2,1,6,591,300,14,18,126,81,48,31,21,21
99,16.02.2024,RODADA 25,Ascoli,Cremonese,0,0,0,0,0,0,0.39,0.60,38%,62%,10,9,1,1,5,5,22,21,4,1,2,3,18,17,1,1,0,0,20,18,3,4,242,410,17,12,86,94,55,42,18,26
100,11.02.2024,RODADA 24,Ternana,Spezia,1,1,0,0,1,1,1.85,0.71,40%,60%,13,12,5,4,7,5,23,20,3,3,1,0,20,24,3,4,0,0,23,19,2,2,353,524,13,16,84,110,21,40,13,16
101,10.02.2024,RODADA 24,Bari,Lecco,3,1,1,0,2,1,0.92,1.55,45%,55%,10,12,3,3,5,7,13,14,4,9,1,3,22,31,2,0,0,0,10,10,3,2,330,397,25,15,70,104,35,55,18,9
102,10.02.2024,RODADA 24,Catanzaro,Ascoli,3,2,1,2,2,0,1.84,0.37,71%,29%,11,10,2,3,5,5,25,19,4,4,1,2,17,17,1,0,21,18,0,1,5,4,590,237,7,18,106,108,46,26,16,26
103,10.02.2024,RODADA 24,Pisa,Sampdoria,2,0,0,0,2,0,0.87,0.33,61%,39%,10,8,4,2,6,2,19,16,2,3,0,3,22,15,2,2,15,15,0,1,3,5,567,353,8,15,103,82,35,39,10,12
104,10.02.2024,RODADA 24,Cittadella,Parma,1,2,1,2,0,0,2.22,1.83,57%,43%,23,16,3,4,12,10,13,9,6,4,5,2,16,21,2,2,0,0,13,10,2,2,446,343,19,20,111,97,61,41,5,18
105,10.02.2024,RODADA 24,Cremonese,Reggiana,1,1,0,0,1,1,1.56,0.68,58%,42%,23,12,7,2,7,7,8,21,9,4,1,0,17,15,1,6,7,20,1,0,5,1,472,359,22,10,123,98,76,28,11,38
106,10.02.2024,RODADA 24,FeralpiSalo,Palermo,1,2,0,0,1,2,2.19,1.56,47%,53%,27,13,8,4,10,8,10,8,10,4,0,0,26,18,2,7,0,0,10,9,1,4,352,404,8,8,95,91,60,45,20,27
107,10.02.2024,RODADA 24,Modena,Cosenza,1,1,1,1,0,0,0.58,0.44,50%,50%,10,9,5,3,5,4,14,16,2,1,2,0,23,22,2,4,14,13,0,1,3,3,373,378,16,13,90,91,31,35,18,20
108,10.02.2024,RODADA 24,Sudtirol,Venezia,0,3,0,1,0,2,0.73,2.10,49%,51%,12,14,2,4,7,6,14,20,5,3,0,0,14,13,1,2,15,18,1,0,7,2,491,508,12,15,109,82,46,38,14,18
109,09.02.2024,RODADA 24,Como,Brescia,1,0,1,0,0,0,0.90,0.31,54%,46%,14,9,3,1,5,5,21,22,4,3,3,3,27,26,1,2,0,0,15,17,2,4,452,380,18,22,102,98,45,39,16,8
110,04.02.2024,RODADA 23,Ascoli,Sudtirol,1,2,0,1,1,1,0.71,1.33,48%,52%,11,7,3,2,5,0,22,16,2,1,0,0,26,21,0,2,0,0,20,17,1,4,362,405,17,12,118,107,74,38,16,40
111,03.02.2024,RODADA 23,Lecco,Cremonese,0,1,0,0,0,1,0.98,1.06,43%,57%,8,7,1,3,6,2,18,16,5,6,3,3,28,21,2,1,0,0,14,16,2,3,280,382,24,14,80,100,41,57,13,18
112,03.02.2024,RODADA 23,Sampdoria,Modena,2,2,2,0,0,2,0.70,2.25,47%,53%,10,17,5,3,2,9,14,18,3,4,1,0,21,15,1,3,0,0,19,14,3,4,380,414,19,13,61,83,17,44,17,10
113,03.02.2024,RODADA 23,Ternana,Como,0,1,0,1,0,0,0.42,2.28,37%,63%,7,28,1,7,4,7,15,26,1,6,4,0,22,21,6,1,0,0,14,19,1,2,288,486,14,17,78,117,35,60,16,20
114,03.02.2024,RODADA 23,Brescia,Cittadella,2,0,0,0,2,0,1.91,0.72,43%,57%,15,16,9,3,4,7,19,19,5,6,1,1,24,26,3,7,0,0,16,17,2,3,268,354,25,6,84,97,41,70,21,19
115,03.02.2024,RODADA 23,Cosenza,Pisa,1,1,0,0,1,1,0.49,1.12,57%,43%,8,11,2,2,3,6,12,12,4,5,0,0,21,19,1,1,14,14,0,1,5,3,471,353,25,9,115,111,34,41,31,21
116,03.02.2024,RODADA 23,Parma,Venezia,2,1,1,1,1,0,1.40,0.89,48%,52%,15,14,6,5,3,6,12,8,11,5,2,1,11,17,4,4,0,0,10,6,2,2,419,451,17,17,99,80,60,38,16,26
117,03.02.2024,RODADA 23,Reggiana,FeralpiSalo,1,1,0,0,1,1,1.80,0.22,73%,27%,27,5,4,2,10,1,15,14,11,2,1,1,12,17,1,3,14,13,0,2,2,3,656,239,14,11,144,73,101,28,8,30
118,03.02.2024,RODADA 23,Spezia,Catanzaro,1,1,1,1,0,0,1.24,1.10,43%,57%,15,10,5,2,6,6,17,16,6,3,0,3,13,11,1,4,0,0,14,18,2,5,371,517,11,6,89,57,51,20,6,19
119,02.02.2024,RODADA 23,Palermo,Bari,3,0,1,0,2,0,1.14,0.39,49%,51%,18,11,9,2,5,6,9,18,4,8,1,1,24,9,2,6,0,0,8,16,3,2,356,364,11,21,89,95,43,31,16,16
120,28.01.2024,RODADA 22,Cittadella,Sampdoria,1,2,0,0,1,2,1.50,0.37,51%,49%,9,7,1,2,4,5,21,23,2,1,4,1,25,16,0,0,0,0,18,15,4,2,350,345,22,16,104,103,45,21,8,21
121,27.01.2024,RODADA 22,Bari,Reggiana,0,2,0,1,0,1,0.66,0.56,55%,45%,11,11,2,2,5,3,12,22,6,3,3,0,16,16,0,2,0,0,14,17,2,2,438,365,18,13,100,96,56,47,4,25
122,27.01.2024,RODADA 22,FeralpiSalo,Lecco,5,1,1,0,4,1,1.69,0.78,47%,53%,11,12,7,7,2,3,14,13,1,7,1,1,31,27,6,2,0,0,12,12,3,1,427,460,14,17,113,115,40,58,18,5
123,27.01.2024,RODADA 22,Pisa,Spezia,2,3,1,3,1,0,3.06,1.12,66%,34%,27,6,12,3,6,2,14,16,14,0,3,3,20,16,0,10,0,0,16,14,6,3,491,259,11,19,126,58,60,28,9,31
124,27.01.2024,RODADA 22,Como,Ascoli,0,2,0,0,0,2,0.61,0.55,53%,47%,9,14,5,2,3,5,18,18,2,8,1,1,21,25,0,5,18,16,1,0,2,4,381,327,14,11,65,98,28,65,31,15
125,27.01.2024,RODADA 22,Cremonese,Brescia,1,0,1,0,0,0,0.74,0.19,67%,33%,10,5,3,1,5,3,16,26,6,3,2,3,21,21,1,2,0,0,12,24,3,0,555,275,14,13,121,79,55,28,8,22
126,27.01.2024,RODADA 22,Modena,Parma,3,0,2,0,1,0,0.62,0.53,43%,57%,6,17,4,5,1,6,15,16,1,4,1,2,16,15,5,1,0,0,12,15,2,1,423,551,29,12,65,139,22,63,19,8
127,27.01.2024,RODADA 22,Sudtirol,Cosenza,0,1,0,0,0,1,0.87,1.44,43%,57%,12,16,3,5,6,7,17,20,5,3,0,0,13,19,4,3,0,0,13,19,0,3,315,421,13,9,89,115,36,38,20,14
128,27.01.2024,RODADA 22,Venezia,Ternana,1,0,0,0,1,0,1.70,0.24,62%,38%,18,6,5,0,8,4,13,20,7,4,3,0,16,7,0,4,11,17,0,1,2,1,374,238,0,9,82,45,59,12,4,28
129,26.01.2024,RODADA 22,Catanzaro,Palermo,1,1,1,0,0,1,0.83,1.04,63%,37%,12,6,1,3,7,3,12,12,4,5,1,0,13,24,2,0,0,0,12,9,1,1,579,333,10,24,95,71,27,44,15,11
130,21.01.2024,RODADA 21,Ascoli,Bari,2,2,0,2,2,0,2.39,1.48,58%,42%,25,11,7,4,7,4,15,17,11,4,0,0,23,12,2,5,0,0,18,17,4,5,397,304,26,20,122,88,77,26,9,45
131,20.01.2024,RODADA 21,Cosenza,Venezia,4,2,3,1,1,1,2.09,1.74,43%,57%,22,16,7,5,3,6,13,16,5,8,0,1,15,25,3,3,0,0,9,13,3,2,351,473,18,8,83,118,36,42,33,15
132,20.01.2024,RODADA 21,Lecco,Pisa,1,3,0,1,1,2,1.38,1.65,49%,51%,18,14,3,5,8,4,15,15,6,4,2,1,18,19,2,2,0,0,13,14,5,2,371,396,24,18,91,104,45,40,18,27
133,20.01.2024,RODADA 21,Palermo,Modena,4,2,2,1,2,1,1.07,1.52,55%,45%,16,11,7,4,5,6,17,14,7,8,0,1,15,11,2,3,0,0,15,13,1,5,480,397,12,15,120,104,69,43,19,30
134,20.01.2024,RODADA 21,Brescia,Sudtirol,1,1,0,0,1,1,1.10,0.50,49%,51%,10,9,4,2,2,5,13,12,6,4,0,1,16,24,1,3,0,0,14,11,2,3,403,405,14,20,109,110,50,55,25,26
135,20.01.2024,RODADA 21,FeralpiSalo,Catanzaro,3,0,1,0,2,0,0.84,1.36,33%,67%,13,11,8,3,2,5,17,13,3,3,4,2,16,17,3,5,0,0,16,10,3,5,305,641,15,19,84,118,39,44,28,13
136,20.01.2024,RODADA 21,Reggiana,Como,2,2,1,2,1,0,0.91,1.25,57%,43%,14,13,4,6,5,4,13,13,2,9,2,0,18,14,4,2,0,0,10,10,3,4,544,402,17,15,114,103,52,60,30,7
137,20.01.2024,RODADA 21,Spezia,Cremonese,0,1,0,0,0,1,1.08,1.63,45%,55%,11,10,3,4,5,5,20,15,5,5,2,0,21,20,3,3,0,0,21,12,4,2,383,476,22,15,106,110,56,57,16,32
138,20.01.2024,RODADA 21,Ternana,Cittadella,3,1,1,1,2,0,1.31,1.71,43%,57%,15,18,7,4,5,10,15,10,5,8,1,1,16,35,3,4,0,0,15,9,3,2,323,414,21,16,78,105,24,79,28,8
139,19.01.2024,RODADA 21,Sampdoria,Parma,0,3,0,2,0,1,0.62,1.42,56%,44%,11,12,4,3,6,5,10,11,2,6,3,1,9,11,0,4,0,0,10,7,1,1,558,435,20,12,118,89,88,53,20,24
140,14.01.2024,RODADA 20,Cremonese,Cosenza,1,0,0,0,1,0,0.45,0.53,55%,45%,12,7,6,4,4,0,14,14,11,2,0,7,20,22,4,5,0,0,7,14,3,5,446,379,17,18,111,88,53,36,17,29
141,14.01.2024,RODADA 20,Parma,Ascoli,1,1,0,0,1,1,1.30,0.87,66%,34%,19,9,5,3,6,4,20,18,3,1,2,4,16,18,2,4,16,14,0,1,2,4,601,315,13,26,162,83,66,35,11,24
142,14.01.2024,RODADA 20,Venezia,Sampdoria,5,3,2,1,3,2,2.48,0.69,56%,44%,17,7,8,3,6,2,16,14,1,2,2,1,16,17,0,3,15,11,0,1,3,4,568,450,5,9,119,70,28,28,12,11
143,13.01.2024,RODADA 20,Pisa,Reggiana,2,2,1,2,1,0,1.43,0.64,64%,36%,17,7,8,2,3,3,16,20,6,3,0,1,21,16,0,6,0,0,14,19,7,2,529,291,12,18,140,76,48,23,11,32
144,13.01.2024,RODADA 20,Bari,Ternana,3,1,2,0,1,1,1.29,0.48,47%,53%,16,11,6,1,5,7,18,12,5,6,3,0,18,26,0,3,0,0,15,9,1,3,340,375,17,14,97,110,42,51,29,22
145,13.01.2024,RODADA 20,Cittadella,Palermo,2,0,1,0,1,0,1.43,0.47,49%,51%,16,8,6,3,5,3,10,20,2,4,3,0,22,24,3,4,10,17,0,1,1,2,422,441,18,18,106,97,51,37,21,21
146,13.01.2024,RODADA 20,Como,Spezia,4,0,2,0,2,0,2.06,0.77,49%,51%,26,13,8,4,14,5,11,23,5,6,1,1,21,10,4,4,0,0,9,21,1,1,428,436,7,11,88,96,51,53,18,22
147,13.01.2024,RODADA 20,Modena,Brescia,1,2,0,2,1,0,1.78,0.79,66%,34%,14,11,2,5,8,4,21,15,10,5,1,2,25,18,3,1,0,0,18,13,4,5,452,282,13,15,122,86,46,34,7,26
148,13.01.2024,RODADA 20,Sudtirol,FeralpiSalo,1,0,0,0,1,0,1.78,0.58,41%,59%,13,17,2,5,8,4,13,13,6,6,2,0,16,17,5,1,0,0,12,11,2,3,358,508,21,7,77,140,27,64,18,19
149,12.01.2024,RODADA 20,Catanzaro,Lecco,5,3,1,2,4,1,3.23,1.05,50%,50%,20,14,9,4,6,5,14,17,9,4,4,0,12,12,1,4,0,0,13,12,3,2,431,435,10,14,87,73,40,36,16,13
150,26.12.2023,RODADA 19,Sampdoria,Bari,1,1,0,0,1,1,2.42,0.75,57%,43%,23,11,4,2,12,6,13,23,5,2,0,0,18,17,1,3,12,20,0,1,1,5,390,297,21,13,103,73,53,41,15,30
151,26.12.2023,RODADA 19,Palermo,Cremonese,3,2,1,2,2,0,0.65,0.85,55%,45%,11,17,6,5,3,7,20,11,6,4,4,4,17,21,3,3,0,0,17,5,2,2,439,355,12,13,105,65,38,53,17,23
152,26.12.2023,RODADA 19,Ascoli,Cittadella,0,0,0,0,0,0,0.70,1.47,47%,53%,12,11,5,3,5,8,16,15,6,2,2,1,33,16,3,5,0,0,17,16,3,4,309,345,14,22,122,90,50,55,19,36
153,26.12.2023,RODADA 19,Brescia,Parma,0,2,0,2,0,0,0.26,0.75,53%,47%,8,10,0,6,6,2,14,16,2,6,5,1,20,21,4,0,0,0,13,12,5,4,452,416,20,22,113,113,46,46,15,15
154,26.12.2023,RODADA 19,Cosenza,Como,1,2,1,1,0,1,0.59,1.30,46%,54%,4,10,2,6,1,4,16,26,6,3,5,0,33,25,4,1,0,0,16,17,3,2,308,381,16,16,82,89,26,35,11,12
155,26.12.2023,RODADA 19,FeralpiSalo,Venezia,2,2,1,1,1,1,1.04,1.52,32%,68%,8,11,3,4,4,4,12,12,3,4,1,0,17,16,2,1,0,0,12,13,2,2,272,593,6,18,76,128,28,50,17,8
156,26.12.2023,RODADA 19,Lecco,Sudtirol,2,1,0,0,2,1,0.91,1.29,50%,50%,10,12,4,5,5,3,23,18,1,2,0,2,20,19,4,2,0,0,18,16,5,3,373,375,16,18,81,106,41,37,12,15
157,26.12.2023,RODADA 19,Spezia,Modena,1,1,0,0,1,1,1.29,1.68,51%,49%,19,12,2,6,9,4,18,12,6,4,1,1,19,17,5,1,0,0,15,12,2,3,421,422,16,12,100,96,63,27,13,24
158,26.12.2023,RODADA 19,Ternana,Pisa,1,1,0,1,1,0,1.13,1.02,37%,63%,12,14,7,2,2,7,11,15,4,10,1,3,24,24,1,6,0,0,7,15,5,3,302,524,12,17,95,120,44,68,23,23
159,26.12.2023,RODADA 19,Reggiana,Catanzaro,1,0,1,0,0,0,1.20,0.51,39%,61%,8,7,2,4,3,3,20,11,2,5,2,0,17,12,4,1,0,0,20,8,2,5,379,579,15,8,82,117,31,49,19,6
160,23.12.2023,RODADA 18,Bari,Cosenza,0,0,0,0,0,0,1.06,0.83,55%,45%,16,14,4,2,10,6,16,23,7,7,3,2,23,14,2,4,15,19,0,1,5,4,420,360,16,8,104,100,67,38,13,34
161,23.12.2023,RODADA 18,Pisa,Ascoli,1,0,1,0,0,0,0.34,0.50,63%,37%,6,10,2,1,2,5,15,12,3,1,2,1,17,36,1,1,0,0,13,10,5,3,598,337,20,14,94,147,19,47,45,11
162,23.12.2023,RODADA 18,Sampdoria,FeralpiSalo,2,3,1,2,1,1,0.88,1.26,53%,47%,15,21,5,7,6,8,18,8,3,5,1,3,13,10,4,3,9,17,1,0,1,5,380,341,19,14,109,73,31,52,13,22
163,23.12.2023,RODADA 18,Sudtirol,Reggiana,2,3,1,1,1,2,2.18,0.48,62%,38%,13,7,4,4,7,2,19,12,0,1,0,5,35,14,1,2,16,14,0,1,3,3,569,349,14,17,146,81,53,26,5,30
164,23.12.2023,RODADA 18,Catanzaro,Brescia,2,3,2,0,0,3,1.14,1.00,68%,32%,10,8,5,6,2,2,20,12,6,3,0,2,24,18,3,3,0,0,11,17,1,3,599,282,13,10,94,94,40,23,6,28
165,23.12.2023,RODADA 18,Cittadella,Spezia,4,1,1,0,3,1,1.55,0.64,49%,51%,24,16,7,5,9,6,13,14,7,3,0,0,40,20,4,3,0,0,13,12,2,4,347,362,25,20,98,136,75,78,29,26
166,23.12.2023,RODADA 18,Como,Palermo,3,3,0,1,3,2,1.97,1.80,48%,52%,12,12,8,6,2,3,16,16,4,6,4,3,20,14,3,5,13,10,0,1,4,2,394,433,8,10,78,95,34,44,13,18
167,23.12.2023,RODADA 18,Cremonese,Modena,4,0,4,0,0,0,1.81,0.77,60%,40%,15,8,7,4,4,3,18,19,1,4,1,2,13,22,4,3,0,0,18,13,2,1,496,331,18,10,99,85,41,24,12,20
168,23.12.2023,RODADA 18,Parma,Ternana,3,1,1,1,2,0,1.22,1.31,58%,42%,21,12,8,2,9,6,12,6,5,8,0,4,17,9,1,5,0,0,7,10,0,3,553,391,14,20,102,94,41,37,17,21
169,23.12.2023,RODADA 18,Venezia,Lecco,2,2,0,1,2,1,0.79,1.20,61%,39%,10,6,5,2,4,2,14,14,3,1,2,0,26,17,0,3,12,12,0,1,2,3,576,376,10,32,151,78,76,27,10,32
170,17.12.2023,RODADA 17,Lecco,Ternana,2,3,2,0,0,3,1.25,1.32,51%,49%,20,13,7,5,11,5,17,10,5,2,1,5,18,19,2,5,12,8,0,1,0,4,436,408,19,14,107,115,46,55,13,33
171,16.12.2023,RODADA 17,Ascoli,Catanzaro,1,0,1,0,0,0,0.60,0.58,31%,69%,10,6,5,2,4,2,16,22,3,2,2,0,21,21,2,4,0,0,15,19,6,5,226,526,14,16,92,69,39,18,14,35
172,16.12.2023,RODADA 17,Cosenza,Parma,0,0,0,0,0,0,0.58,0.49,55%,45%,13,11,1,2,8,3,8,21,5,4,3,0,16,26,2,1,7,18,0,1,6,4,461,384,7,9,100,91,44,31,19,13
173,16.12.2023,RODADA 17,Palermo,Pisa,3,2,2,0,1,2,1.25,1.33,50%,50%,17,15,7,7,7,4,10,17,2,9,5,1,17,11,5,4,10,10,0,1,4,1,362,351,12,22,100,90,46,45,26,18
174,16.12.2023,RODADA 17,Brescia,Como,2,0,0,0,2,0,1.63,1.54,42%,58%,11,21,5,5,4,11,13,15,2,5,1,0,16,16,5,3,0,0,13,14,2,2,366,497,23,12,105,92,35,56,24,8
175,16.12.2023,RODADA 17,FeralpiSalo,Cremonese,1,0,1,0,0,0,0.39,1.08,32%,68%,7,18,4,6,1,10,12,15,1,6,2,0,23,28,6,3,0,0,10,12,0,4,270,553,15,23,98,123,42,73,31,16
176,16.12.2023,RODADA 17,Modena,Cittadella,1,1,1,1,0,0,0.62,0.62,58%,42%,9,11,2,4,3,3,24,17,5,6,0,0,21,20,3,1,0,0,21,17,2,4,486,335,15,25,82,122,36,61,22,17
177,16.12.2023,RODADA 17,Reggiana,Sampdoria,1,2,0,1,1,1,0.42,1.33,51%,49%,8,14,3,6,3,6,19,16,3,7,1,2,19,16,4,2,16,15,0,1,4,4,423,419,11,14,88,123,35,52,19,19
178,16.12.2023,RODADA 17,Venezia,Sudtirol,2,3,2,1,0,2,1.76,2.03,62%,38%,9,10,3,3,3,4,9,14,6,2,0,1,27,17,0,1,9,12,1,0,3,3,570,358,15,22,155,82,65,39,8,18
179,15.12.2023,RODADA 17,Spezia,Bari,1,0,0,0,1,0,0.99,0.44,55%,45%,18,12,2,4,10,5,17,16,10,7,0,1,22,18,4,1,14,15,1,0,5,4,419,349,28,20,104,72,49,36,13,21
180,10.12.2023,RODADA 16,Como,Modena,2,1,1,0,1,1,1.54,1.99,46%,54%,7,22,4,7,2,8,15,11,2,7,1,2,22,17,6,2,12,10,1,0,1,4,388,457,20,18,93,98,35,40,24,11
181,10.12.2023,RODADA 16,Parma,Palermo,3,3,0,2,3,1,1.16,0.51,70%,30%,24,8,7,3,12,4,17,16,10,1,1,1,27,11,0,4,0,0,16,13,4,3,581,264,15,25,132,65,98,15,3,45
182,10.12.2023,RODADA 16,Reggiana,Brescia,1,1,0,0,1,1,0.73,1.43,55%,45%,8,12,2,4,3,4,16,16,0,5,0,1,16,23,3,1,13,15,1,0,5,4,534,437,12,10,108,122,37,52,29,20
183,09.12.2023,RODADA 16,Catanzaro,Pisa,2,0,0,0,2,0,1.11,0.92,35%,65%,8,14,5,5,2,5,12,8,2,6,2,1,21,18,5,3,0,0,10,6,3,2,330,613,9,11,66,113,25,63,27,9
184,09.12.2023,RODADA 16,Ascoli,Spezia,1,2,0,1,1,1,1.11,1.09,45%,55%,12,7,4,5,6,2,13,19,7,3,1,1,31,18,3,3,0,0,12,17,3,3,278,348,16,13,123,76,57,38,18,44
185,09.12.2023,RODADA 16,Bari,Sudtirol,2,1,1,1,1,0,2.18,0.67,50%,50%,17,10,3,5,8,1,17,13,10,5,1,0,20,24,4,1,16,11,0,1,3,4,372,390,18,17,109,91,53,30,12,23
186,09.12.2023,RODADA 16,Cittadella,Cosenza,2,0,2,0,0,0,0.50,1.25,50%,50%,13,11,3,5,6,6,22,17,3,1,2,3,30,31,5,1,0,0,16,15,3,5,353,353,27,22,111,119,58,53,27,10
187,09.12.2023,RODADA 16,Cremonese,Venezia,1,0,0,0,1,0,0.95,1.26,46%,54%,9,13,2,4,7,8,16,15,3,6,1,2,17,21,4,1,12,13,1,0,4,2,351,417,11,16,88,86,42,48,20,15
188,09.12.2023,RODADA 16,Sampdoria,Lecco,2,0,1,0,1,0,1.48,0.96,52%,48%,20,13,5,5,7,4,13,13,4,10,1,0,22,14,5,3,0,0,15,12,5,3,439,382,16,16,112,88,50,49,21,25
189,09.12.2023,RODADA 16,Ternana,FeralpiSalo,2,1,1,0,1,1,1.15,0.96,50%,50%,16,16,4,2,8,10,11,15,7,3,2,1,17,20,1,2,0,0,9,12,2,3,387,387,23,20,116,104,44,43,17,24
190,03.12.2023,RODADA 15,Brescia,Sampdoria,3,1,3,0,0,1,1.16,0.29,37%,63%,13,10,4,3,6,5,17,21,4,7,2,1,17,19,2,1,0,0,15,19,4,3,301,514,11,16,104,138,37,48,21,13
191,03.12.2023,RODADA 15,Lecco,Bari,1,0,0,0,1,0,0.38,0.80,49%,51%,10,13,5,1,3,9,17,13,3,4,0,3,16,28,1,4,0,0,12,13,5,3,447,454,20,11,98,116,37,57,13,13
192,03.12.2023,RODADA 15,Sudtirol,Como,0,1,0,0,0,1,0.31,0.74,42%,58%,8,16,1,4,4,4,9,21,6,2,3,1,27,14,3,1,0,0,8,17,1,3,368,531,15,10,84,113,54,44,19,24
193,02.12.2023,RODADA 15,Spezia,Parma,0,1,0,0,0,1,0.66,0.78,46%,54%,6,13,1,6,4,4,17,12,3,7,5,0,16,25,5,1,0,0,15,6,1,2,446,505,18,10,100,114,31,67,24,14
194,02.12.2023,RODADA 15,Cosenza,Ternana,1,3,0,0,1,3,2.21,1.30,55%,45%,18,16,6,7,6,6,15,10,11,4,1,0,28,16,4,5,14,9,1,0,2,4,390,325,14,9,103,87,69,45,14,30
195,02.12.2023,RODADA 15,FeralpiSalo,Cittadella,0,1,0,1,0,0,0.66,2.34,50%,50%,14,9,4,5,4,4,19,10,6,2,0,0,32,26,4,4,0,0,18,11,2,2,397,406,26,24,131,114,55,49,27,27
196,02.12.2023,RODADA 15,Modena,Reggiana,2,1,1,0,1,1,0.58,0.35,48%,52%,12,8,7,3,3,4,19,24,6,6,3,0,16,20,2,5,17,20,0,1,2,4,364,379,21,15,97,105,38,40,21,15
197,02.12.2023,RODADA 15,Pisa,Cremonese,0,0,0,0,0,0,0.37,0.43,52%,48%,15,10,4,2,5,5,18,11,5,4,2,2,32,24,2,4,0,0,16,9,3,4,428,382,25,14,120,112,43,46,21,25
198,02.12.2023,RODADA 15,Venezia,Ascoli,3,1,2,0,1,1,2.15,1.01,60%,40%,23,17,6,4,10,6,19,13,6,4,1,4,20,26,3,3,0,0,13,12,1,3,466,302,13,17,90,129,45,50,25,22
199,01.12.2023,RODADA 15,Palermo,Catanzaro,1,2,0,1,1,1,0.71,1.66,49%,51%,14,17,8,7,5,6,12,24,8,4,4,2,25,14,5,7,0,0,9,19,4,5,375,432,12,12,109,67,68,26,6,42
200,28.11.2023,RODADA 3,Como,Lecco,0,0,0,0,0,0,0.82,0.92,57%,43%,16,11,3,4,9,4,15,14,3,2,0,3,30,22,4,3,0,0,11,14,2,3,484,358,6,13,111,86,58,30,18,21
201,28.11.2023,RODADA 3,Sudtirol,Brescia,1,1,1,0,0,1,0.47,0.69,43%,57%,10,8,4,3,4,3,20,21,5,5,3,0,19,30,2,3,18,15,0,1,1,4,343,463,19,7,99,99,42,46,27,18
202,26.11.2023,RODADA 14,Catanzaro,Cosenza,2,0,1,0,1,0,1.52,0.88,44%,56%,12,14,3,4,7,8,21,16,6,8,0,0,13,27,4,1,0,0,21,16,3,4,357,436,18,12,74,116,25,58,36,12
203,26.11.2023,RODADA 14,Ternana,Palermo,1,1,0,1,1,0,1.03,0.80,45%,55%,16,16,4,5,9,7,12,11,7,8,3,3,17,25,4,3,8,10,1,0,3,2,352,442,19,14,120,109,55,43,24,25
204,25.11.2023,RODADA 14,Pisa,Brescia,1,1,1,1,0,0,0.79,1.01,63%,37%,12,18,2,7,6,9,12,12,3,6,3,2,27,12,6,1,0,0,9,8,2,2,563,322,7,8,136,74,55,33,16,32
205,25.11.2023,RODADA 14,Bari,Venezia,0,3,0,1,0,2,0.79,1.21,46%,54%,17,13,4,6,5,4,9,13,8,2,1,1,17,17,3,4,0,0,7,14,3,0,474,576,13,17,117,112,52,32,12,27
206,25.11.2023,RODADA 14,Cittadella,Sudtirol,2,1,1,0,1,1,0.94,0.16,47%,53%,14,5,6,2,6,2,18,13,5,2,0,2,36,29,1,4,0,0,14,13,3,5,333,374,15,20,125,85,58,29,13,20
207,25.11.2023,RODADA 14,Como,FeralpiSalo,2,1,1,0,1,1,0.39,0.66,60%,40%,14,11,7,3,4,5,8,17,3,5,4,1,20,19,2,5,8,12,1,1,2,2,561,368,12,13,136,95,49,21,21,16
208,25.11.2023,RODADA 14,Cremonese,Lecco,1,0,1,0,0,0,1.04,1.06,55%,45%,16,11,2,3,10,4,12,23,6,7,3,2,17,15,3,1,0,0,11,19,4,2,470,378,22,16,109,91,65,36,21,20
209,25.11.2023,RODADA 14,Parma,Modena,1,1,0,0,1,1,1.02,0.22,62%,38%,18,6,7,1,7,2,14,16,10,5,0,4,28,12,0,6,9,16,1,0,3,2,531,338,18,30,143,53,69,9,7,43
210,25.11.2023,RODADA 14,Reggiana,Ascoli,1,1,0,1,1,0,0.77,0.13,69%,31%,18,6,3,3,11,2,12,13,9,5,1,0,25,16,2,2,0,0,11,11,2,4,604,273,16,14,149,90,61,43,16,33
211,24.11.2023,RODADA 14,Sampdoria,Spezia,2,1,1,1,1,0,1.08,1.01,51%,49%,14,9,4,2,4,5,23,22,2,6,3,1,27,14,1,2,0,0,19,19,5,4,387,377,15,14,88,81,49,35,10,24
212,12.11.2023,RODADA 13,Brescia,Cremonese,0,3,0,2,0,1,0.60,1.73,38%,62%,15,25,1,5,6,10,14,14,4,9,1,3,14,18,2,1,0,0,11,13,3,3,317,530,17,16,92,113,29,40,16,14
213,12.11.2023,RODADA 13,Lecco,Parma,3,2,2,1,1,1,2.31,1.39,47%,53%,16,12,7,7,5,4,12,14,5,3,2,2,15,26,5,4,10,13,0,1,3,4,425,480,13,15,70,108,26,44,25,12
214,12.11.2023,RODADA 13,Palermo,Cittadella,0,1,0,0,0,1,0.69,0.92,58%,42%,10,15,0,3,4,8,16,16,2,4,3,1,25,22,2,0,0,0,15,11,1,4,458,331,12,14,86,100,49,47,26,23
215,12.11.2023,RODADA 13,Spezia,Ternana,2,2,1,1,1,1,1.63,0.93,56%,44%,22,13,9,5,5,6,20,18,4,5,0,1,21,21,3,7,0,0,19,17,2,3,444,366,11,10,136,70,69,42,10,30
216,11.11.2023,RODADA 13,Modena,Sampdoria,0,2,0,1,0,1,0.41,0.82,55%,45%,8,14,2,4,4,5,13,15,5,2,1,0,19,15,2,2,13,13,1,0,5,3,456,379,13,25,115,105,42,45,15,18
217,11.11.2023,RODADA 13,Ascoli,Como,0,1,0,1,0,0,0.63,1.03,47%,53%,8,9,4,3,2,2,27,29,3,3,7,4,32,18,2,4,0,0,19,19,3,5,396,451,14,15,90,90,38,34,12,21
218,11.11.2023,RODADA 13,Cosenza,Reggiana,2,0,1,0,1,0,1.68,0.34,51%,49%,11,8,6,2,3,2,20,13,3,2,1,1,17,24,2,4,0,0,12,19,4,3,366,351,12,8,126,86,37,28,9,11
219,11.11.2023,RODADA 13,FeralpiSalo,Bari,3,3,0,1,3,2,1.58,1.81,37%,63%,11,15,5,5,4,4,21,19,1,3,2,1,17,12,2,2,0,0,19,18,4,5,283,481,16,19,94,97,28,52,12,15
220,11.11.2023,RODADA 13,Sudtirol,Pisa,1,2,0,1,1,1,0.62,2.02,43%,57%,10,8,2,5,3,3,23,17,3,0,2,1,23,16,3,1,0,0,20,15,2,6,381,534,17,20,112,102,62,29,4,25
221,10.11.2023,RODADA 13,Venezia,Catanzaro,2,1,2,1,0,0,2.02,0.31,28%,72%,10,6,5,2,1,2,8,17,1,3,0,1,16,16,1,3,8,17,1,0,2,1,299,756,7,4,89,163,17,59,18,7
222,08.11.2023,RODADA 2,Lecco,Spezia,0,0,0,0,0,0,1.50,0.90,51%,49%,20,17,4,4,8,8,19,19,5,2,5,1,23,16,4,4,0,0,17,14,3,6,406,393,16,20,100,118,55,47,24,29
223,08.11.2023,RODADA 2,Palermo,Brescia,1,0,1,0,0,0,0.72,0.98,44%,56%,9,18,3,4,4,7,23,10,2,4,1,2,18,31,4,2,0,0,19,8,3,4,308,392,16,20,97,106,37,57,24,18
224,05.11.2023,RODADA 12,Cremonese,Spezia,3,0,2,0,1,0,1.92,0.88,47%,53%,21,17,12,5,7,6,11,17,5,7,2,1,16,16,5,9,10,15,0,1,3,1,418,468,12,18,0,0,96,99,36,65
225,05.11.2023,RODADA 12,Parma,Sudtirol,2,0,1,0,1,0,1.58,0.51,50%,50%,10,10,3,2,4,6,14,15,4,3,1,2,15,30,2,1,0,0,13,14,0,5,500,490,17,13,0,0,100,103,55,38
226,05.11.2023,RODADA 12,Reggiana,Lecco,1,1,1,0,0,1,1.04,0.71,50%,50%,16,16,6,4,7,7,17,11,2,7,1,1,16,19,3,5,0,0,15,10,4,3,420,405,14,16,0,0,75,110,41,55
227,04.11.2023,RODADA 12,Sampdoria,Palermo,1,0,1,0,0,0,1.18,0.39,44%,56%,16,9,6,4,7,1,16,21,2,8,4,1,11,10,4,5,0,0,16,17,4,1,340,428,13,9,0,0,80,63,33,37
228,04.11.2023,RODADA 12,Bari,Ascoli,1,0,0,0,1,0,0.67,0.29,57%,43%,18,7,3,3,6,4,15,18,10,7,1,0,20,18,3,2,0,0,15,17,3,4,402,309,17,19,0,0,114,70,53,23
229,04.11.2023,RODADA 12,Catanzaro,Modena,1,2,1,1,0,1,1.03,0.42,61%,39%,10,9,5,4,3,4,29,15,2,2,1,3,20,21,2,4,0,0,27,13,2,4,564,356,14,13,0,0,95,85,30,23
230,04.11.2023,RODADA 12,Cittadella,Brescia,3,2,2,1,1,1,0.93,0.93,48%,52%,16,16,5,4,6,8,13,11,5,4,0,1,32,25,2,2,0,0,12,14,2,3,353,384,16,17,0,0,117,121,53,43
231,04.11.2023,RODADA 12,Cosenza,FeralpiSalo,1,1,1,0,0,1,0.43,1.92,56%,44%,8,19,3,5,3,8,14,13,6,8,0,2,12,19,4,2,0,0,12,13,2,4,444,335,12,9,0,0,103,107,36,47
232,04.11.2023,RODADA 12,Pisa,Como,1,1,0,1,1,0,0.88,1.18,57%,43%,15,12,4,2,6,6,11,13,4,6,3,0,23,20,1,3,0,0,11,10,3,3,487,354,16,23,0,0,109,118,40,44
233,04.11.2023,RODADA 12,Ternana,Venezia,0,1,0,0,0,1,0.90,0.50,41%,59%,11,8,2,2,8,4,15,13,4,4,4,1,27,30,1,2,0,0,14,8,1,2,369,535,19,11,0,0,110,121,39,36
234,29.10.2023,RODADA 11,Brescia,Bari,1,2,1,0,0,2,1.84,0.91,55%,45%,16,19,3,6,8,4,16,23,2,5,1,1,30,17,4,2,0,0,16,21,3,3,389,315,17,18,0,0,108,83,42,26
235,29.10.2023,RODADA 11,Modena,Ternana,2,1,1,0,1,1,1.39,0.47,52%,48%,19,13,5,3,8,1,15,12,5,5,2,2,23,21,2,3,0,0,13,9,3,2,429,379,16,17,0,0,93,136,36,69
236,29.10.2023,RODADA 11,Palermo,Lecco,1,2,0,2,1,0,2.58,1.30,64%,36%,26,12,9,7,11,3,11,17,6,5,3,1,25,12,5,8,0,0,10,15,2,2,562,323,12,17,0,0,158,66,92,37
237,29.10.2023,RODADA 11,Venezia,Pisa,2,1,1,1,1,0,1.38,1.24,45%,55%,13,8,3,3,5,4,10,11,6,4,0,2,16,21,2,1,0,0,8,11,2,4,408,490,16,17,0,0,103,99,45,42
238,28.10.2023,RODADA 11,Ascoli,Parma,1,3,1,2,0,1,0.65,0.91,60%,40%,13,9,4,4,5,3,14,15,9,8,2,0,23,13,1,3,12,12,1,0,7,2,448,306,12,12,0,0,92,83,53,35
239,28.10.2023,RODADA 11,Como,Catanzaro,1,0,1,0,0,0,2.19,0.35,38%,62%,15,9,2,4,8,2,6,8,4,4,1,4,14,7,4,1,0,0,6,21,4,0,297,512,15,15,0,0,95,99,60,28
240,28.10.2023,RODADA 11,FeralpiSalo,Reggiana,0,3,0,2,0,1,1.39,2.56,50%,50%,19,9,4,9,9,0,13,7,6,3,1,2,14,13,6,4,0,0,15,14,2,1,368,395,20,23,0,0,115,98,59,41
241,28.10.2023,RODADA 11,Spezia,Cosenza,0,0,0,0,0,0,1.44,0.69,53%,47%,19,13,5,3,9,4,8,10,8,4,2,2,10,12,3,5,0,0,11,14,3,5,386,355,15,20,0,0,97,78,60,41
242,28.10.2023,RODADA 11,Sudtirol,Sampdoria,3,1,0,0,3,1,1.85,0.63,37%,63%,8,16,3,4,3,7,9,7,2,9,1,1,10,19,3,0,0,0,15,14,3,3,291,486,21,9,0,0,88,124,40,53
243,27.10.2023,RODADA 11,Cittadella,Cremonese,1,2,0,0,1,2,0.63,1.50,39%,61%,8,20,3,4,2,12,15,17,4,8,3,0,25,23,2,2,0,0,15,13,4,1,306,485,24,25,0,0,116,111,47,59
244,24.10.2023,RODADA 1,Brescia,Modena,0,1,0,0,0,1,0.39,1.79,48%,52%,6,15,0,4,6,10,11,15,2,7,0,0,16,16,3,0,0,0,13,20,3,3,403,426,15,11,0,0,106,106,41,46
245,24.10.2023,RODADA 1,Pisa,Lecco,1,2,0,1,1,1,1.68,0.78,74%,26%,27,13,3,3,20,7,11,15,8,1,2,0,16,16,1,2,0,0,14,10,3,4,690,240,9,18,0,0,159,64,81,18
246,23.10.2023,RODADA 10,Palermo,Spezia,2,2,0,1,2,1,1.77,0.60,55%,45%,16,10,7,5,3,2,19,13,4,5,2,4,23,8,3,5,14,12,0,1,3,6,414,335,14,22,0,0,107,95,55,44
247,22.10.2023,RODADA 10,Reggiana,Venezia,1,0,0,0,1,0,0.81,1.39,47%,53%,11,15,2,5,5,5,15,18,5,9,2,2,16,21,5,1,13,15,0,1,3,5,335,374,18,22,0,0,84,89,33,51
248,22.10.2023,RODADA 10,Sampdoria,Cosenza,2,0,0,0,2,0,1.77,0.96,49%,51%,17,14,5,5,8,7,17,18,4,4,4,2,20,20,5,3,0,0,15,16,3,5,370,375,22,14,0,0,86,112,34,48
249,21.10.2023,RODADA 10,Catanzaro,FeralpiSalo,3,0,0,0,3,0,0.82,0.20,65%,35%,10,7,5,2,1,4,14,14,5,4,3,2,17,19,2,3,0,0,13,11,3,2,620,325,7,6,0,0,113,56,47,23
250,21.10.2023,RODADA 10,Bari,Modena,1,1,0,0,1,1,1.04,0.31,48%,52%,11,10,3,4,6,5,27,11,8,4,1,0,12,20,3,2,0,0,26,11,3,5,362,417,27,12,0,0,82,101,55,45
251,21.10.2023,RODADA 10,Cremonese,Sudtirol,0,1,0,0,0,1,1.00,0.33,62%,38%,20,9,6,4,3,4,12,10,11,8,2,1,16,18,3,6,0,0,11,8,3,2,504,308,15,9,0,0,115,78,80,36
252,21.10.2023,RODADA 10,Lecco,Ascoli,0,2,0,1,0,1,1.14,1.15,61%,39%,12,14,4,5,6,7,16,21,5,2,3,0,21,30,3,4,0,0,15,14,3,2,401,263,12,13,0,0,102,79,56,20
253,21.10.2023,RODADA 10,Pisa,Cittadella,2,1,1,0,1,1,1.10,1.08,58%,42%,13,15,6,4,5,5,17,17,6,7,1,2,15,16,3,4,0,0,14,14,3,3,509,349,15,22,0,0,90,125,53,48
254,21.10.2023,RODADA 10,Ternana,Brescia,0,1,0,0,0,1,0.47,0.74,39%,61%,9,14,0,5,6,4,11,11,4,4,3,3,24,22,4,0,7,9,1,0,3,1,296,471,14,11,0,0,80,116,27,52
255,20.10.2023,RODADA 10,Parma,Como,2,1,1,0,1,1,0.67,1.65,48%,52%,14,18,4,6,6,8,12,11,3,4,0,1,15,23,5,2,0,0,11,10,2,2,462,492,19,11,0,0,89,114,42,57
256,08.10.2023,RODADA 9,Como,Cremonese,1,3,0,2,1,1,1.66,1.87,51%,49%,16,10,5,3,5,2,10,17,10,6,5,4,15,21,0,4,7,12,0,1,0,3,352,350,18,15,0,0,89,71,46,43
257,08.10.2023,RODADA 9,Spezia,Pisa,0,0,0,0,0,0,1.24,0.97,53%,47%,20,10,6,3,6,6,12,11,6,3,1,2,33,20,3,6,11,12,1,0,3,2,337,310,21,10,0,0,114,82,73,24
258,07.10.2023,RODADA 9,Ascoli,Sampdoria,1,1,1,0,0,1,2.06,1.77,48%,52%,14,12,4,4,8,4,20,15,6,1,2,1,22,16,3,3,0,0,20,14,2,4,361,390,15,11,0,0,99,97,41,50
259,07.10.2023,RODADA 9,Cittadella,Ternana,2,2,2,1,0,1,0.99,2.20,48%,52%,12,17,4,5,6,6,11,12,3,4,0,0,18,18,3,2,0,0,10,11,2,0,367,403,16,13,0,0,107,111,49,45
260,07.10.2023,RODADA 9,Venezia,Parma,3,2,0,0,3,2,1.48,1.52,50%,50%,12,15,5,4,6,5,7,12,5,8,3,2,22,26,2,2,0,0,5,8,0,2,463,454,19,14,0,0,104,106,48,62
261,07.10.2023,RODADA 9,Cosenza,Lecco,3,0,2,0,1,0,1.23,0.35,56%,44%,22,15,8,6,12,5,11,8,4,3,1,0,19,27,6,5,0,0,11,7,2,3,440,344,11,12,0,0,103,96,63,31
262,07.10.2023,RODADA 9,Modena,Palermo,0,2,0,0,0,2,0.82,1.95,52%,48%,11,11,2,4,6,6,13,13,7,2,1,0,37,15,2,2,11,11,1,0,2,3,395,372,10,20,0,0,127,84,71,41
263,07.10.2023,RODADA 9,Reggiana,Bari,1,1,1,1,0,0,1.26,0.53,56%,44%,14,10,3,2,7,4,14,17,6,9,0,0,17,18,1,2,0,0,11,18,2,1,491,382,21,11,0,0,87,84,36,41
264,07.10.2023,RODADA 9,Sudtirol,Catanzaro,0,1,0,1,0,0,0.79,0.41,43%,57%,9,13,3,6,5,3,14,15,4,4,4,1,28,19,5,3,0,0,11,10,1,3,321,464,16,8,0,0,100,103,57,57
265,06.10.2023,RODADA 9,Brescia,FeralpiSalo,1,1,0,1,1,0,2.18,0.85,65%,35%,19,16,4,6,8,6,14,13,2,5,1,1,22,16,5,3,0,0,13,11,2,3,503,279,19,17,0,0,53,52,34,22
266,01.10.2023,RODADA 8,Cremonese,Parma,1,2,0,0,1,2,0.76,0.71,58%,42%,15,9,3,3,8,3,16,16,2,4,3,1,19,14,1,2,0,0,12,13,1,1,513,380,15,19,0,0,125,76,74,35
267,01.10.2023,RODADA 8,Bari,Como,1,1,0,0,1,1,1.49,0.74,67%,33%,18,9,5,6,10,2,20,18,6,4,1,1,21,15,5,4,16,18,0,1,3,4,503,256,12,5,0,0,114,82,56,30
268,01.10.2023,RODADA 8,Cittadella,Lecco,2,1,0,1,2,0,1.86,1.72,67%,33%,15,16,5,6,7,9,24,15,4,5,2,0,27,20,5,3,0,0,10,26,4,4,454,221,15,20,0,0,109,80,53,35
269,01.10.2023,RODADA 8,Palermo,Sudtirol,2,1,0,1,2,0,1.90,0.17,60%,40%,24,8,6,2,9,5,13,16,13,1,2,0,11,13,1,4,0,0,15,17,5,3,480,329,10,8,0,0,122,74,69,39
270,01.10.2023,RODADA 8,Sampdoria,Catanzaro,1,2,1,2,0,0,2.31,1.12,49%,51%,17,4,6,3,10,1,13,27,11,2,3,2,21,16,1,5,0,0,12,23,1,4,426,469,8,17,0,0,107,87,58,26
271,30.09.2023,RODADA 8,Ternana,Reggiana,3,0,2,0,1,0,0.42,0.60,43%,57%,13,10,7,3,4,4,14,15,3,2,3,0,24,18,3,4,0,0,13,9,6,3,377,494,15,23,0,0,111,96,35,23
272,30.09.2023,RODADA 8,Brescia,Ascoli,1,1,0,1,1,0,1.71,0.56,56%,44%,21,9,3,3,5,5,12,19,7,2,2,1,19,22,2,2,0,0,13,11,2,3,468,376,6,12,0,0,133,80,44,33
273,30.09.2023,RODADA 8,FeralpiSalo,Spezia,1,2,0,2,1,0,0.49,1.45,49%,51%,9,13,3,5,6,5,19,16,2,5,0,2,31,17,3,2,0,0,16,17,1,6,379,403,15,24,0,0,108,110,32,46
274,30.09.2023,RODADA 8,Modena,Venezia,1,3,0,0,1,3,1.02,0.32,41%,59%,14,9,4,4,4,3,11,6,7,3,0,1,22,21,1,3,0,0,9,5,2,2,356,517,9,13,0,0,84,130,43,31
275,30.09.2023,RODADA 8,Pisa,Cosenza,1,2,0,1,1,1,0.60,0.69,61%,39%,8,15,6,5,0,6,18,14,2,3,0,1,25,19,3,5,13,13,1,0,3,6,587,367,18,10,0,0,93,81,39,38
276,27.09.2023,RODADA 7,Catanzaro,Cittadella,1,1,1,1,0,0,1.38,0.35,66%,34%,14,10,8,3,3,4,15,13,5,2,0,0,26,25,2,7,0,0,12,14,0,3,584,300,18,17,0,0,118,93,50,30
277,27.09.2023,RODADA 7,Como,Sampdoria,1,0,0,0,1,0,0.42,0.35,41%,59%,8,13,4,5,2,4,20,17,2,5,1,3,21,25,5,3,0,0,17,15,2,5,350,499,14,14,0,0,91,109,32,35
278,27.09.2023,RODADA 7,Parma,Bari,2,1,1,0,1,1,1.73,0.86,42%,58%,12,14,5,4,5,6,14,17,5,3,1,2,14,22,3,3,0,0,16,12,1,3,390,539,17,21,0,0,126,118,42,39
279,26.09.2023,RODADA 7,Ascoli,Ternana,2,0,1,0,1,0,1.65,1.87,44%,56%,13,17,5,3,3,8,23,13,2,8,0,1,15,18,3,3,0,0,20,13,2,3,323,407,26,11,0,0,96,86,34,50
280,26.09.2023,RODADA 7,Reggiana,Pisa,0,0,0,0,0,0,0.60,0.70,54%,46%,13,12,2,5,7,7,16,14,3,2,2,0,26,15,5,2,0,0,16,12,4,4,483,403,19,23,0,0,102,96,42,40
281,26.09.2023,RODADA 7,Spezia,Brescia,0,0,0,0,0,0,0.44,0.63,57%,43%,12,11,5,3,2,4,10,16,7,5,0,1,23,20,3,5,0,0,8,16,1,2,550,424,16,19,0,0,135,82,74,38
282,26.09.2023,RODADA 7,Sudtirol,Modena,0,0,0,0,0,0,0.30,0.81,36%,64%,7,25,1,2,4,15,13,7,5,3,1,0,16,15,2,1,0,0,13,6,1,2,309,556,10,11,0,0,81,132,20,91
283,26.09.2023,RODADA 7,Venezia,Palermo,1,3,1,1,0,2,1.17,2.25,57%,43%,17,7,1,4,11,2,13,10,8,1,1,3,25,14,1,0,0,0,10,10,1,2,466,369,10,8,0,0,117,71,60,25
284,26.09.2023,RODADA 7,Cosenza,Cremonese,1,2,0,0,1,2,0.92,1.02,46%,54%,9,20,4,4,3,11,12,20,4,7,3,1,25,19,2,3,0,0,9,15,2,1,366,420,9,13,0,0,84,107,44,67
285,26.09.2023,RODADA 7,Lecco,FeralpiSalo,1,2,0,0,1,2,0.83,0.49,49%,51%,13,12,3,4,5,8,14,18,4,1,2,3,12,24,2,2,0,0,10,13,2,3,383,413,19,15,0,0,105,109,36,43
286,24.09.2023,RODADA 6,Bari,Catanzaro,2,2,1,2,1,0,1.14,1.31,45%,55%,14,11,4,5,7,3,13,17,2,4,2,0,13,19,3,2,13,17,0,1,1,4,366,477,8,8,0,0,78,78,37,24
287,24.09.2023,RODADA 6,Cittadella,Como,0,3,0,2,0,1,1.41,1.71,55%,45%,12,9,3,4,5,4,21,13,5,2,2,3,38,19,1,3,0,0,21,13,1,2,429,373,16,16,0,0,121,112,52,33
288,24.09.2023,RODADA 6,Parma,Sampdoria,1,1,0,1,1,0,1.46,0.54,55%,45%,12,8,7,3,3,1,13,21,9,1,3,3,32,11,2,6,0,0,11,15,3,5,502,436,8,14,0,0,149,58,81,23
289,23.09.2023,RODADA 6,Spezia,Reggiana,1,2,0,0,1,2,0.64,1.98,47%,53%,15,11,3,4,6,5,13,17,7,5,1,1,26,20,2,2,0,0,13,16,3,5,418,484,24,18,0,0,103,104,60,43
290,23.09.2023,RODADA 6,Brescia,Venezia,0,0,0,0,0,0,0.81,0.49,44%,56%,11,15,3,0,5,3,14,9,3,8,1,1,13,18,0,3,0,0,12,7,3,2,396,491,12,11,0,0,91,137,28,56
291,23.09.2023,RODADA 6,Cremonese,Ascoli,2,2,1,1,1,1,0.78,2.08,62%,38%,13,17,4,8,5,6,16,11,6,5,1,1,18,18,6,2,16,11,1,1,3,4,520,319,14,23,0,0,121,68,65,42
292,23.09.2023,RODADA 6,FeralpiSalo,Pisa,0,1,0,0,0,1,0.96,0.64,39%,61%,12,16,3,4,5,6,20,11,4,4,0,1,37,17,3,3,0,0,19,11,3,4,331,534,7,19,0,0,107,133,48,65
293,23.09.2023,RODADA 6,Modena,Lecco,0,0,0,0,0,0,1.13,0.49,66%,34%,17,14,5,4,9,7,19,9,8,8,2,3,28,17,4,5,0,0,15,7,3,1,455,237,14,19,0,0,140,78,62,22
294,23.09.2023,RODADA 6,Ternana,Sudtirol,1,1,1,0,0,1,0.42,1.10,47%,53%,10,10,3,3,3,5,11,15,5,7,0,1,15,11,2,2,0,0,10,17,3,1,438,499,20,15,0,0,89,148,49,62
295,22.09.2023,RODADA 6,Palermo,Cosenza,0,1,0,0,0,1,1.30,0.72,62%,38%,19,14,6,4,6,4,10,11,4,2,0,2,17,16,3,6,0,0,6,11,1,3,544,335,10,9,0,0,104,67,83,42
296,18.09.2023,RODADA 5,Sampdoria,Cittadella,1,2,1,0,0,2,0.50,1.22,61%,39%,12,11,5,6,4,3,22,17,2,4,3,1,17,15,4,4,0,0,22,13,3,3,558,357,18,19,0,0,91,108,39,36
297,17.09.2023,RODADA 5,Catanzaro,Parma,0,5,0,3,0,2,0.77,2.42,65%,35%,12,10,2,7,4,1,14,7,8,3,3,2,13,20,2,2,0,0,13,5,1,4,514,290,10,14,0,0,98,60,60,38
298,17.09.2023,RODADA 5,Como,Ternana,2,1,0,0,2,1,1.50,1.06,52%,48%,19,10,5,4,7,5,17,17,1,3,0,2,12,25,3,3,0,0,13,16,2,2,432,408,16,14,0,0,95,112,52,42
299,16.09.2023,RODADA 5,Reggiana,Cremonese,2,2,2,0,0,2,1.00,1.56,42%,58%,7,37,5,8,1,18,12,11,0,14,5,1,6,7,6,3,0,0,12,6,0,1,399,502,15,24,0,0,68,158,20,100
300,16.09.2023,RODADA 5,Ascoli,Palermo,0,1,0,0,0,1,0.64,1.58,51%,49%,16,11,1,4,10,6,21,7,8,10,0,0,19,15,3,1,0,0,21,7,0,2,398,376,15,16,0,0,95,70,37,54
301,16.09.2023,RODADA 5,Cosenza,Sudtirol,2,2,1,0,1,2,0.72,0.32,54%,46%,12,6,5,2,3,3,12,15,5,2,0,1,21,29,0,3,0,0,10,13,4,1,445,382,11,18,0,0,98,89,36,34
302,16.09.2023,RODADA 5,FeralpiSalo,Modena,1,1,1,1,0,0,0.60,1.02,41%,59%,10,17,1,6,6,6,16,9,4,7,0,1,18,20,5,0,15,7,1,0,4,4,329,474,15,20,0,0,89,113,28,83
303,16.09.2023,RODADA 5,Lecco,Brescia,0,2,0,1,0,1,2.58,0.75,59%,41%,24,11,7,5,7,4,18,20,7,5,1,2,17,15,3,7,0,0,16,19,3,2,375,269,17,10,0,0,107,79,52,26
304,16.09.2023,RODADA 5,Pisa,Bari,1,1,1,0,0,1,0.37,0.63,46%,54%,7,10,1,3,2,4,9,19,3,5,0,0,7,19,2,0,10,17,1,0,4,2,398,454,22,16,0,0,75,106,39,49
305,15.09.2023,RODADA 5,Venezia,Spezia,1,0,0,0,1,0,0.82,1.96,40%,60%,9,23,3,7,2,4,18,20,3,5,4,1,11,25,7,2,0,0,17,15,2,3,378,560,14,12,0,0,72,128,35,69
306,03.09.2023,RODADA 4,Cittadella,Venezia,0,0,0,0,0,0,0.63,0.70,44%,56%,8,10,4,3,3,4,13,13,5,5,0,0,30,39,3,4,0,0,13,12,3,2,321,414,18,18,0,0,102,124,44,55
307,03.09.2023,RODADA 4,Cremonese,Sampdoria,1,1,1,0,0,1,1.62,0.79,42%,58%,19,8,11,4,6,3,12,17,3,2,3,1,18,25,3,10,0,0,12,14,2,4,363,531,9,12,0,0,83,98,61,40
308,03.09.2023,RODADA 4,Lecco,Catanzaro,3,4,0,1,3,3,0,0,40%,60%,17,20,7,8,6,9,12,8,3,6,1,2,11,15,4,4,0,0,10,7,2,1,371,563,10,7,0,0,95,104,29,43
309,03.09.2023,RODADA 4,Spezia,Como,0,1,0,1,0,0,0,0,64%,36%,9,12,1,5,6,2,21,16,6,6,1,1,24,24,4,1,0,0,19,14,5,4,580,321,14,11,0,0,129,78,47,28
310,03.09.2023,RODADA 4,Ternana,Bari,0,0,0,0,0,0,0,0,41%,59%,13,10,2,1,7,5,15,20,3,3,4,1,15,16,1,2,0,0,14,16,3,2,373,558,20,9,0,0,106,110,33,42
311,03.09.2023,RODADA 4,Brescia,Cosenza,1,0,0,0,1,0,0.65,0.56,46%,54%,7,13,1,1,4,6,22,21,5,7,2,3,18,20,1,0,18,18,0,1,4,2,344,396,18,8,0,0,108,96,32,59
312,02.09.2023,RODADA 4,Modena,Pisa,2,0,1,0,1,0,1.40,0.47,44%,56%,14,6,4,2,5,2,11,15,7,7,1,1,16,22,2,2,10,13,0,1,2,2,355,452,11,13,0,0,75,106,31,24
313,02.09.2023,RODADA 4,Palermo,FeralpiSalo,3,0,1,0,2,0,1.31,0.78,52%,48%,16,8,6,0,7,4,10,15,5,6,2,2,12,13,0,3,0,0,8,14,1,1,519,487,18,5,0,0,106,98,52,28
314,02.09.2023,RODADA 4,Parma,Reggiana,0,0,0,0,0,0,0.96,0.41,60%,40%,18,8,4,1,11,3,11,16,6,2,1,2,21,15,1,4,0,0,7,15,2,2,510,349,16,31,0,0,141,74,84,28
315,02.09.2023,RODADA 4,Sudtirol,Ascoli,3,1,0,1,3,0,0,0,34%,66%,7,14,4,4,3,6,8,17,0,8,1,0,18,15,3,1,0,0,11,16,2,4,313,592,11,5,0,0,81,136,28,52
316,30.08.2023,RODADA 3,Bari,Cittadella,1,1,1,0,0,1,0.40,0.65,48%,52%,14,17,4,5,5,9,15,15,1,8,1,1,19,20,4,3,0,0,12,12,1,1,396,413,12,20,0,0,117,112,47,58
317,30.08.2023,RODADA 3,Catanzaro,Spezia,3,0,0,0,3,0,0.30,1.13,46%,54%,10,8,5,2,2,3,22,14,6,5,0,0,26,21,2,2,21,14,1,0,2,3,385,434,20,28,0,0,102,101,18,28
318,30.08.2023,RODADA 3,Sampdoria,Venezia,1,2,0,0,1,2,1.15,1.26,47%,53%,17,13,5,5,8,3,9,13,7,4,2,2,16,23,3,4,0,0,7,10,5,0,430,497,16,11,0,0,91,114,48,40
319,30.08.2023,RODADA 3,Ternana,Cremonese,0,1,0,0,0,1,0.29,1.75,54%,46%,10,17,4,4,3,8,10,12,8,5,5,1,25,14,3,4,10,8,0,1,2,3,447,375,21,21,0,0,139,99,72,44
320,29.08.2023,RODADA 3,Ascoli,FeralpiSalo,3,0,2,0,1,0,2.21,0.20,55%,45%,19,5,5,4,8,1,13,16,7,3,2,0,21,25,4,2,0,0,12,14,0,3,468,396,19,17,0,0,135,78,54,23
321,29.08.2023,RODADA 3,Cosenza,Modena,1,2,1,1,0,1,1.46,1.10,53%,47%,12,10,2,5,7,3,14,11,6,3,1,0,26,22,3,1,0,0,12,10,4,2,470,430,23,14,0,0,113,104,65,46
322,29.08.2023,RODADA 3,Pisa,Parma,1,2,0,1,1,1,1.67,0.95,59%,41%,16,9,2,2,6,4,14,20,7,4,5,3,19,18,0,1,11,15,1,1,1,3,515,352,18,12,0,0,94,93,49,49
323,29.08.2023,RODADA 3,Reggiana,Palermo,1,3,0,1,1,2,1.31,2.30,50%,50%,15,18,2,9,8,7,19,10,7,3,1,1,19,17,6,1,18,9,1,0,3,0,396,400,14,25,0,0,89,93,52,37
324,27.08.2023,RODADA 2,Catanzaro,Ternana,2,1,1,1,1,0,1.08,1.65,59%,41%,15,25,5,7,6,14,16,10,4,7,2,2,14,12,6,3,0,0,16,9,1,2,473,326,6,7,0,0,107,102,48,45
325,26.08.2023,RODADA 2,Como,Reggiana,2,2,1,0,1,2,0.40,0.49,40%,60%,10,12,4,5,3,2,14,17,3,4,0,1,22,29,3,2,0,0,18,14,3,2,315,484,23,21,0,0,88,114,24,50
326,26.08.2023,RODADA 2,Cremonese,Bari,0,1,0,1,0,0,0.85,0.41,60%,40%,25,7,5,1,13,6,13,11,5,3,2,2,20,23,0,5,0,0,9,10,1,3,480,325,16,7,0,0,125,66,65,37
327,26.08.2023,RODADA 2,FeralpiSalo,Sudtirol,0,2,0,1,0,1,0.12,1.08,66%,34%,7,9,1,4,4,3,12,17,6,1,1,1,14,4,2,1,0,0,16,12,2,3,613,320,13,15,0,0,125,90,53,32
328,26.08.2023,RODADA 2,Modena,Ascoli,1,0,0,0,1,0,0.34,0.42,55%,45%,13,8,3,5,8,3,20,14,9,1,1,0,18,16,5,2,12,17,0,1,1,1,483,391,12,11,0,0,128,88,47,32
329,26.08.2023,RODADA 2,Parma,Cittadella,2,0,1,0,1,0,1.22,1.01,38%,62%,10,19,3,0,2,9,17,16,2,11,0,3,12,21,0,1,0,0,16,14,1,2,351,538,7,14,0,0,87,119,31,81
330,26.08.2023,RODADA 2,Venezia,Cosenza,1,1,0,1,1,0,1.71,0.10,61%,39%,20,4,4,1,7,2,7,13,8,2,2,1,25,9,0,3,0,0,6,9,1,1,530,347,11,23,0,0,115,80,55,16
331,25.08.2023,RODADA 2,Sampdoria,Pisa,0,2,0,1,0,1,0.98,0.92,55%,45%,12,8,2,3,8,5,19,23,5,3,6,1,30,12,1,2,0,0,16,16,1,4,425,363,17,18,0,0,109,107,38,49
332,20.08.2023,RODADA 1,Cittadella,Reggiana,1,0,1,0,0,0,0.94,0.40,37%,63%,13,8,3,1,6,3,19,22,6,2,2,1,28,27,1,2,0,0,20,17,3,3,278,508,27,8,0,0,99,99,44,55
333,20.08.2023,RODADA 1,Parma,FeralpiSalo,2,0,1,0,1,0,1.43,0.73,51%,49%,15,13,4,2,5,6,13,11,7,7,0,0,6,18,2,2,0,0,11,11,1,4,467,437,11,13,0,0,99,88,66,53
334,20.08.2023,RODADA 1,Venezia,Como,3,0,2,0,1,0,2.47,0.32,46%,54%,18,12,6,3,8,5,21,10,9,3,1,4,15,15,3,3,0,0,0,0,17,9,344,415,8,9,0,0,82,110,46,44
335,20.08.2023,RODADA 1,Sudtirol,Spezia,3,3,1,2,2,1,2.90,0.91,33%,67%,10,17,4,5,4,8,18,20,2,1,0,1,20,14,2,1,0,0,17,20,3,3,329,679,12,14,0,0,78,130,34,59
336,19.08.2023,RODADA 1,Cosenza,Ascoli,3,0,1,0,2,0,3.45,0.12,71%,29%,22,4,6,0,9,2,13,13,7,0,3,1,11,15,0,3,11,12,0,3,1,4,443,190,8,13,0,0,113,59,80,20
337,19.08.2023,RODADA 1,Cremonese,Catanzaro,0,0,0,0,0,0,0.98,0.68,42%,58%,17,6,3,2,7,2,9,20,6,2,0,2,9,16,2,3,0,0,7,18,3,1,396,559,20,7,0,0,102,76,73,21
338,19.08.2023,RODADA 1,Ternana,Sampdoria,1,2,0,1,1,1,0.77,2.25,45%,55%,14,13,3,6,3,4,13,11,5,4,2,1,18,22,4,2,0,0,11,10,4,1,363,458,24,8,0,0,128,75,34,29
339,18.08.2023,RODADA 1,Bari,Palermo,0,0,0,0,0,0,1.09,2.29,44%,56%,11,17,3,2,4,8,16,12,3,5,0,2,18,11,2,3,14,15,2,0,7,4,304,364,11,9,0,0,54,103,29,57
