,Data,Round,HomeTeam,AwayTeam,HT0G,AT0G,HT1G,AT1G,HT2G,AT2G,GEHT0T,GEAT0T,PBHT0T,PBAT0T,TGHT0T,TGAT0T,CGHT0T,CGAT0T,CFHT0T,CFAT0T,FCHT0T,FCAT0T,EHT0T,EAT0T,IHT0T,IAT0T,LCHT0T,LCAT0T,DGHT0T,DGAT0T,FHT0T,FAT0T,CVHT0T,CVAT0T,CAHT0T,CAAT0T,PTHT0T,PTAT0T,DHT0T,DAT0T,AHT0T,AAT0T,APHT0T,APAT0T,BACHT0T,BACAT0T,GEHT1T,GEAT1T,PBHT1T,PBAT1T,TGHT1T,TGAT1T,CGHT1T,CGAT1T,CFHT1T,CFAT1T,FCHT1T,FCAT1T,EHT1T,EAT1T,IHT1T,IAT1T,LCHT1T,LCAT1T,DGHT1T,DGAT1T,FHT1T,FAT1T,CVHT1T,CVAT1T,CAHT1T,CAAT1T,PTHT1T,PTAT1T,DHT1T,DAT1T,AHT1T,AAT1T,APHT1T,APAT1T,BACHT1T,BACAT1T
0,22.04.2024,RODADA 33,AC Milan,Inter,1,2,0,1,1,1,2.50,2.03,52%,48%,15,11,6,3,6,6,15,19,5,3,1,5,12,6,1,5,19,10,2,1,3,2,0,0,511,476,0,0,117,76,58,28,0.75,1.82,53%,47%,8,8,2,2,4,4,6,9,1,2,1,2,9,2,1,2,0,0,8,4,1,2,0,0,269,236,0,0,50,40,28,13
1,22.04.2024,RODADA 33,AS Roma,Bologna,1,3,0,2,1,1,2.00,1.07,53%,47%,14,11,5,3,6,5,13,9,8,2,0,1,22,21,0,4,0,0,8,12,5,2,0,0,511,471,0,0,112,76,45,36,0.43,0.29,48%,52%,4,5,0,2,3,2,5,5,1,1,0,0,8,14,0,0,0,0,5,4,4,1,0,0,239,255,0,0,49,35,8,17
2,21.04.2024,RODADA 33,Monza,Atalanta,1,2,0,1,1,1,1.27,1.52,58%,42%,17,12,2,6,9,5,15,8,2,8,0,1,26,14,4,1,0,0,8,13,3,2,0,0,542,381,0,0,107,103,36,44,0.40,1.06,52%,48%,7,8,1,3,6,4,6,4,1,3,0,1,10,8,2,1,0,0,4,4,1,0,0,0,260,234,0,0,48,66,17,20
3,21.04.2024,RODADA 33,Salernitana,Fiorentina,0,2,0,0,0,2,0.24,1.13,27%,73%,5,12,1,7,2,2,15,17,2,5,3,2,18,23,5,1,0,0,13,11,2,4,0,0,221,605,0,0,68,134,19,62,0.15,0.49,24%,76%,3,5,1,2,1,1,8,7,1,3,2,2,9,12,2,1,0,0,5,5,1,2,0,0,103,338,0,0,41,66,7,22
4,21.04.2024,RODADA 33,Torino,Frosinone,0,0,0,0,0,0,0.53,0.63,53%,47%,13,12,2,3,9,6,18,13,6,4,2,2,12,13,3,2,0,0,10,17,2,2,0,0,411,359,0,0,106,89,38,54,0.35,0.40,50%,50%,8,7,1,2,5,3,9,6,3,2,2,2,3,8,2,1,0,0,4,7,0,1,0,0,202,206,0,0,40,45,15,19
5,21.04.2024,RODADA 33,Sassuolo,Lecce,0,3,0,2,0,1,0.52,2.13,56%,44%,10,14,3,8,5,4,14,11,9,4,1,1,33,25,5,3,0,0,10,13,1,0,0,0,404,338,0,0,145,74,57,27,0.22,0.91,59%,41%,6,6,1,2,3,2,9,8,5,2,1,1,17,13,0,1,0,0,7,8,1,0,0,0,184,132,0,0,60,33,27,14
6,20.04.2024,RODADA 33,Verona,Udinese,1,0,0,0,1,0,0.82,1.81,53%,47%,16,18,4,1,8,8,17,19,10,6,0,5,35,23,1,3,0,0,18,12,2,2,0,0,330,305,0,0,106,89,50,25,0.34,0.41,51%,49%,4,8,0,1,3,2,8,13,3,2,0,2,18,11,1,0,0,0,12,6,2,2,0,0,168,161,0,0,41,46,19,5
7,20.04.2024,RODADA 33,Empoli,Napoli,1,0,1,0,0,0,1.05,0.48,27%,73%,7,9,1,1,5,1,17,15,2,8,0,1,15,33,1,0,0,0,14,12,2,2,0,0,237,655,0,0,63,122,27,61,0.97,0.05,30%,70%,6,1,1,1,5,0,10,5,2,2,0,1,6,17,1,0,0,0,4,6,0,1,0,0,125,311,0,0,36,51,21,16
8,19.04.2024,RODADA 33,Cagliari,Juventus,2,2,2,0,0,2,2.15,0.67,26%,74%,9,11,4,3,4,3,18,17,4,3,1,3,17,22,1,2,0,0,16,15,2,3,0,0,202,580,0,0,60,137,21,69,2.09,0.30,31%,69%,8,5,3,1,4,1,8,9,3,1,0,2,7,13,1,1,0,0,9,8,1,2,0,0,119,266,0,0,27,67,12,20
9,19.04.2024,RODADA 33,Genoa,Lazio,0,1,0,0,0,1,0.62,1.20,39%,61%,8,13,2,1,6,4,14,9,2,9,2,3,18,16,0,2,0,0,7,13,1,2,0,0,407,649,0,0,91,128,24,63,0.58,0.13,43%,57%,7,5,1,0,6,2,3,4,2,3,1,0,7,11,0,1,0,0,3,4,0,1,0,0,226,300,0,0,55,57,12,29
10,15.04.2024,RODADA 32,Atalanta,Verona,2,2,2,0,0,2,1.52,1.47,59%,41%,16,13,9,5,5,5,11,8,5,4,2,2,31,28,3,7,0,0,6,10,0,2,0,0,500,340,0,0,113,132,64,44,1.14,0.31,59%,41%,11,7,6,1,4,3,5,5,3,1,0,0,13,13,1,4,0,0,5,5,0,1,0,0,234,165,0,0,45,67,31,20
11,15.04.2024,RODADA 32,Fiorentina,Genoa,1,1,0,1,1,0,1.82,1.58,59%,41%,20,7,3,3,10,3,21,8,6,2,1,2,21,20,2,2,0,0,8,19,1,2,0,0,434,311,0,0,117,62,62,30,0.56,1.58,56%,44%,10,7,2,3,4,3,8,4,3,1,1,1,9,9,2,2,0,0,0,0,4,7,0,0,208,169,0,0,62,33,22,19
12,14.04.2024,RODADA 32,Inter,Cagliari,2,2,1,0,1,2,2.35,1.10,63%,37%,15,10,7,6,6,3,10,8,7,0,3,0,15,15,4,5,0,0,5,10,0,2,0,0,618,369,0,0,114,67,75,34,1.07,0.50,64%,36%,4,5,2,2,2,2,5,6,2,0,3,0,8,6,2,1,0,0,3,5,0,1,0,0,332,180,0,0,56,32,37,21
13,14.04.2024,RODADA 32,Sassuolo,AC Milan,3,3,2,1,1,2,0.98,3.36,33%,67%,10,23,5,7,2,10,11,10,2,6,0,3,17,18,4,2,0,0,12,9,3,1,0,0,262,540,0,0,77,109,26,61,0.86,1.11,32%,68%,5,16,4,4,1,8,5,5,1,4,0,1,7,9,3,2,0,0,6,4,1,0,0,0,126,272,0,0,31,49,16,21
14,14.04.2024,RODADA 32,Napoli,Frosinone,2,2,1,0,1,2,2.24,2.15,66%,34%,20,13,9,6,5,4,17,12,6,2,2,2,20,16,4,7,11,14,1,0,3,1,0,0,553,286,0,0,113,87,56,39,0.57,1.19,66%,34%,10,8,4,3,3,4,7,6,4,2,0,2,10,9,3,3,0,0,7,4,1,0,0,0,286,144,0,0,57,38,25,26
15,13.04.2024,RODADA 32,Bologna,Monza,0,0,0,0,0,0,1.77,0.34,62%,38%,17,4,7,0,6,3,19,14,10,0,1,0,20,15,0,7,0,0,13,19,4,4,0,0,533,334,0,0,126,56,66,20,0.71,0.02,58%,42%,7,1,2,0,3,1,9,5,7,0,0,0,7,6,0,2,0,0,5,9,2,2,0,0,283,203,0,0,62,27,30,10
16,13.04.2024,RODADA 32,Torino,Juventus,0,0,0,0,0,0,0.59,0.84,48%,52%,13,8,2,3,3,3,12,18,6,2,0,1,13,16,3,2,18,11,1,0,3,2,0,0,393,451,0,0,99,92,54,27,0.10,0.74,48%,52%,2,4,0,1,1,2,6,10,1,2,0,1,7,9,1,0,0,0,9,5,2,1,0,0,215,237,0,0,46,43,22,17
17,13.04.2024,RODADA 32,Lecce,Empoli,1,0,0,0,1,0,2.86,0.12,54%,46%,14,3,7,0,3,2,19,20,10,3,2,4,22,19,0,6,0,0,18,15,1,0,0,0,352,308,0,0,79,77,44,33,1.18,0.12,60%,40%,5,3,4,0,1,2,12,12,3,1,2,2,10,3,0,4,0,0,9,11,1,0,0,0,214,139,0,0,39,37,18,18
18,12.04.2024,RODADA 32,Lazio,Salernitana,4,1,3,1,1,0,1.83,0.50,65%,35%,17,8,6,5,6,0,10,18,9,0,3,0,17,17,4,2,0,0,15,10,0,1,0,0,639,345,0,0,100,112,34,24,1.50,0.46,65%,35%,12,5,4,4,4,0,5,9,8,0,2,0,10,7,3,1,0,0,6,5,0,1,0,0,272,152,0,0,43,58,13,12
19,08.04.2024,RODADA 31,Udinese,Inter,1,2,1,0,0,2,0.07,3.57,23%,77%,3,23,1,6,1,10,16,10,0,8,0,4,17,22,4,0,0,0,11,11,1,2,0,0,213,709,0,0,63,151,15,69,0.07,0.43,23%,77%,3,11,1,3,1,5,6,4,0,5,0,2,7,11,3,0,0,0,0,0,4,4,0,0,108,372,0,0,31,68,2,26
20,07.04.2024,RODADA 31,Juventus,Fiorentina,1,0,1,0,0,0,1.80,0.60,25%,75%,7,13,2,2,2,6,8,21,5,6,5,1,14,20,2,1,0,0,16,8,2,1,0,0,218,640,0,0,54,112,28,63,1.67,0.07,34%,66%,4,3,1,0,2,1,4,10,4,1,3,1,8,6,0,0,0,0,0,0,6,3,0,0,151,296,0,0,37,46,13,17
21,07.04.2024,RODADA 31,Cagliari,Atalanta,2,1,1,1,1,0,0.64,0.54,38%,62%,11,7,3,2,4,3,20,18,4,4,2,1,32,23,1,1,0,0,16,19,3,3,0,0,295,496,0,0,85,106,48,54,0.33,0.43,44%,56%,3,4,1,1,1,3,10,8,1,0,0,1,16,13,0,0,0,0,0,0,8,7,0,0,179,234,0,0,44,44,23,24
22,07.04.2024,RODADA 31,Verona,Genoa,1,2,1,1,0,1,1.30,1.84,61%,39%,12,11,3,5,5,4,18,14,5,3,2,3,29,24,3,2,0,0,14,15,3,1,0,0,472,307,0,0,117,79,57,34,0.96,0.89,55%,45%,5,6,2,1,2,3,10,6,1,2,0,0,11,19,0,1,0,0,5,9,2,1,0,0,227,184,0,0,52,48,15,24
23,07.04.2024,RODADA 31,Monza,Napoli,2,4,1,0,1,4,0.26,2.59,38%,62%,7,19,2,8,4,4,15,11,1,6,1,4,18,15,4,0,0,0,10,8,3,1,0,0,344,560,0,0,70,129,20,61,0.23,0.68,34%,66%,4,8,1,1,2,2,8,6,0,5,0,2,11,8,1,0,0,0,6,4,0,1,0,0,153,296,0,0,29,74,14,34
24,07.04.2024,RODADA 31,Frosinone,Bologna,0,0,0,0,0,0,0.36,1.36,34%,66%,12,13,5,5,3,6,16,8,5,2,0,2,28,18,5,5,0,0,10,14,1,3,0,0,304,587,0,0,102,100,29,38,0.23,0.19,31%,69%,8,5,4,2,1,2,7,6,4,1,0,1,12,9,2,4,0,0,7,6,1,1,0,0,141,323,0,0,52,50,9,16
25,06.04.2024,RODADA 31,Empoli,Torino,3,2,1,0,2,2,0.59,2.34,36%,64%,4,19,3,5,0,9,14,15,1,7,2,1,17,20,3,0,0,0,13,13,2,1,0,0,299,522,0,0,77,114,21,60,0.04,0.28,40%,60%,2,7,1,0,0,6,8,9,1,1,1,1,9,8,0,0,0,0,8,7,2,1,0,0,170,258,0,0,41,56,13,22
26,06.04.2024,RODADA 31,AS Roma,Lazio,1,0,1,0,0,0,0.41,0.48,46%,54%,15,11,3,1,7,6,15,14,3,6,1,1,18,24,1,2,0,0,14,15,5,3,0,0,400,461,0,0,91,124,30,50,0.28,0.36,55%,45%,11,5,3,0,4,2,7,5,3,2,1,0,12,13,0,2,0,0,5,7,0,1,0,0,243,200,0,0,42,63,26,28
27,06.04.2024,RODADA 31,AC Milan,Lecce,3,0,2,0,1,0,1.69,0.43,64%,36%,16,11,8,7,5,3,9,9,5,1,2,1,12,8,7,5,8,8,0,1,1,1,0,0,623,348,0,0,125,83,59,27,0.49,0.29,59%,41%,6,7,4,3,1,3,6,5,3,0,1,1,9,6,3,2,5,5,0,1,0,1,0,0,275,192,0,0,60,52,24,23
28,05.04.2024,RODADA 31,Salernitana,Sassuolo,2,2,0,2,2,0,1.11,2.43,54%,46%,5,16,2,5,2,5,16,11,4,9,1,3,15,14,3,0,0,0,10,13,4,3,0,0,495,417,0,0,94,91,36,61,0.03,1.63,52%,48%,2,6,0,2,1,1,8,4,1,2,1,1,9,9,0,0,0,0,1,8,1,0,0,0,244,229,0,0,43,44,12,39
29,01.04.2024,RODADA 30,Inter,Empoli,2,0,1,0,1,0,1.78,0.42,59%,41%,19,14,7,3,4,6,16,15,8,6,1,0,11,20,3,5,0,0,14,16,0,2,0,0,568,372,0,0,105,96,54,39,0.52,0.32,56%,44%,7,8,4,3,0,2,7,7,2,3,1,0,7,10,3,3,0,0,0,0,6,7,0,0,267,201,0,0,48,48,24,23
30,01.04.2024,RODADA 30,Lecce,AS Roma,0,0,0,0,0,0,1.96,1.50,40%,60%,27,10,6,3,12,6,12,11,8,4,2,0,17,23,3,6,0,0,9,12,3,2,0,0,332,513,0,0,93,119,34,37,0.67,0.57,45%,55%,16,5,4,1,6,4,6,7,5,1,1,0,10,9,1,4,0,0,6,6,2,1,0,0,165,219,0,0,48,52,20,15
31,01.04.2024,RODADA 30,Cagliari,Verona,1,1,0,1,1,0,0.62,1.23,51%,49%,11,8,2,5,3,2,21,14,7,2,2,3,28,22,4,1,0,0,11,16,0,2,0,0,355,360,0,0,106,80,53,20,0.32,0.34,49%,51%,3,5,0,3,1,1,9,4,2,1,0,1,17,18,2,0,0,0,4,7,0,1,0,0,180,194,0,0,56,50,21,11
32,01.04.2024,RODADA 30,Sassuolo,Udinese,1,1,1,1,0,0,1.43,1.60,60%,40%,14,12,5,3,7,6,14,7,10,1,0,2,21,13,2,4,0,0,7,10,1,2,0,0,471,324,0,0,88,54,52,22,0.85,1.00,57%,43%,7,8,2,3,4,4,6,3,4,0,0,1,9,5,2,1,0,0,3,4,1,2,0,0,231,172,0,0,43,35,22,10
33,01.04.2024,RODADA 30,Bologna,Salernitana,3,0,2,0,1,0,1.68,0.62,70%,30%,14,8,3,2,5,3,11,14,5,3,3,0,22,11,2,0,0,0,11,12,0,3,0,0,774,317,0,0,136,73,65,31,0.40,0.19,72%,28%,7,4,2,1,3,1,5,10,2,2,2,0,11,3,1,0,0,0,8,5,0,2,0,0,376,137,0,0,72,29,26,15
34,30.03.2024,RODADA 30,Fiorentina,AC Milan,1,2,0,0,1,2,1.42,2.90,45%,55%,17,14,7,10,2,4,17,9,7,5,1,5,16,14,8,6,0,0,8,12,2,3,0,0,362,455,0,0,86,83,37,28,0.50,0.99,40%,60%,6,9,1,6,1,3,9,5,2,3,0,3,8,6,6,1,0,0,5,6,2,1,0,0,161,242,0,0,38,39,10,14
35,30.03.2024,RODADA 30,Lazio,Juventus,1,0,0,0,1,0,1.02,0.58,65%,35%,16,9,4,3,8,3,10,13,7,2,1,0,20,15,3,3,0,0,12,10,1,2,0,0,646,352,0,0,119,72,67,25,0.65,0.19,61%,39%,8,4,3,2,3,2,8,5,3,1,0,0,12,7,2,3,0,0,0,0,7,6,0,0,308,195,0,0,53,38,35,11
36,30.03.2024,RODADA 30,Genoa,Frosinone,1,1,1,1,0,0,1.61,1.11,48%,52%,9,15,3,3,4,7,10,17,3,8,1,1,17,23,2,2,0,0,16,11,2,1,0,0,395,425,0,0,81,123,29,38,1.44,0.81,43%,57%,5,11,2,3,2,4,4,9,2,7,0,1,6,14,2,1,0,0,10,5,2,0,0,0,168,218,0,0,29,67,12,19
37,30.03.2024,RODADA 30,Torino,Monza,1,0,0,0,1,0,1.59,0.72,62%,38%,15,9,6,2,3,3,11,10,7,2,1,2,9,14,2,5,9,11,0,1,0,3,0,0,554,337,0,0,104,49,48,15,0.24,0.16,63%,37%,4,5,0,1,0,1,4,4,4,2,0,1,5,6,1,0,0,0,0,0,5,3,0,0,318,190,0,0,51,22,22,12
38,30.03.2024,RODADA 30,Napoli,Atalanta,0,3,0,2,0,1,2.05,0.76,61%,39%,20,12,6,6,8,4,15,9,7,5,3,2,34,20,3,6,0,0,6,13,2,2,0,0,604,383,0,0,109,83,51,33,0.50,0.72,55%,45%,3,5,3,2,0,3,5,7,2,2,2,0,17,14,0,3,0,0,5,4,1,0,0,0,280,230,0,0,51,46,29,17
39,17.03.2024,RODADA 29,Inter,Napoli,1,1,1,0,0,1,1.41,1.20,49%,51%,19,11,6,3,6,6,6,22,5,7,3,0,15,19,2,5,0,0,19,6,2,1,0,0,431,450,0,0,68,97,54,40,0.74,0.27,49%,51%,9,4,3,0,3,2,3,13,1,2,3,0,6,10,0,2,0,0,10,3,1,0,0,0,245,258,0,0,36,53,17,18
40,17.03.2024,RODADA 29,AS Roma,Sassuolo,1,0,0,0,1,0,0.75,0.60,63%,37%,10,8,4,2,3,2,10,16,4,7,3,0,13,13,2,3,0,0,11,10,2,1,0,0,613,348,0,0,97,65,60,25,0.30,0.06,68%,32%,3,3,0,0,2,1,4,9,2,3,1,0,5,3,0,0,0,0,0,0,7,4,0,0,334,160,0,0,55,36,37,10
41,17.03.2024,RODADA 29,Verona,AC Milan,1,3,0,1,1,2,0.59,2.60,45%,55%,15,18,4,6,8,9,9,11,3,5,1,2,14,12,3,3,0,0,9,8,1,3,0,0,356,454,0,0,100,97,37,27,0.12,0.92,29%,71%,3,10,1,2,1,7,3,7,2,3,0,0,6,7,1,1,0,0,6,3,1,2,0,0,115,293,0,0,37,54,15,14
42,17.03.2024,RODADA 29,Juventus,Genoa,0,0,0,0,0,0,0.89,0.21,66%,34%,17,5,2,2,4,3,11,13,12,2,2,0,26,18,2,2,11,11,1,0,4,1,0,0,540,282,0,0,130,80,86,23,0.27,0.21,61%,39%,7,5,1,2,0,3,4,7,5,2,1,0,15,11,2,1,0,0,6,4,1,0,0,0,237,151,0,0,59,44,30,13
43,16.03.2024,RODADA 29,Frosinone,Lazio,2,3,1,1,1,2,2.04,3.26,43%,57%,14,22,5,7,7,7,19,12,9,4,2,4,23,20,4,3,0,0,10,15,1,3,0,0,400,560,0,0,107,103,55,53,0.94,0.76,38%,62%,6,6,2,2,4,2,8,5,4,1,1,2,10,15,1,1,0,0,4,6,0,1,0,0,181,308,0,0,40,53,32,28
44,16.03.2024,RODADA 29,Salernitana,Lecce,0,1,0,1,0,0,0.99,1.27,71%,29%,15,17,6,4,6,10,19,11,7,1,1,1,16,22,3,6,0,0,9,18,4,3,0,0,700,282,0,0,139,75,48,27,0.63,0.99,72%,28%,8,10,3,2,3,7,8,5,3,1,0,0,8,8,1,3,0,0,5,8,2,0,0,0,364,135,0,0,63,26,21,7
45,16.03.2024,RODADA 29,Monza,Cagliari,1,0,1,0,0,0,0.85,0.46,62%,38%,15,10,3,0,6,7,12,12,3,7,1,3,23,16,0,2,0,0,11,9,2,1,0,0,536,317,0,0,100,82,43,37,0.16,0.23,63%,37%,6,5,1,0,3,4,6,8,1,2,1,2,12,7,0,0,0,0,7,4,1,0,0,0,273,159,0,0,44,37,23,13
46,16.03.2024,RODADA 29,Udinese,Torino,0,2,0,1,0,1,0.44,0.85,43%,57%,12,12,1,5,7,3,19,13,3,4,2,1,14,21,3,1,0,0,11,17,3,2,0,0,340,454,0,0,74,109,32,55,0.14,0.62,41%,59%,3,8,0,3,2,2,6,6,1,4,0,1,3,12,2,0,0,0,6,5,2,0,0,0,177,258,0,0,32,55,10,31
47,15.03.2024,RODADA 29,Empoli,Bologna,0,1,0,0,0,1,0.72,2.42,29%,71%,10,20,1,9,6,4,12,19,7,6,2,0,9,22,8,1,0,0,19,12,4,1,0,0,249,680,0,0,80,131,36,53,0.15,0.93,29%,71%,4,10,0,4,3,1,9,8,3,4,0,0,2,13,4,0,0,0,8,9,2,0,0,0,130,336,0,0,39,59,12,28
48,11.03.2024,RODADA 28,Lazio,Udinese,1,2,0,0,1,2,2.28,1.30,69%,31%,18,14,6,5,10,6,12,9,9,5,0,1,28,20,3,5,9,15,0,1,3,6,0,0,566,255,0,0,142,66,67,31,1.25,0.45,67%,33%,9,9,0,3,8,3,6,4,4,4,0,1,12,10,3,0,0,0,4,6,1,1,0,0,285,140,0,0,72,33,32,5
49,10.03.2024,RODADA 28,Fiorentina,AS Roma,2,2,1,0,1,2,2.25,0.52,33%,67%,15,10,5,5,6,4,15,10,8,2,1,2,16,16,3,3,0,0,10,15,2,5,0,0,275,586,0,0,62,82,35,53,0.87,0.14,40%,60%,11,4,3,1,5,3,10,3,6,1,0,1,7,4,1,2,0,0,3,10,0,3,0,0,156,257,0,0,24,25,13,6
50,10.03.2024,RODADA 28,Juventus,Atalanta,2,2,0,1,2,1,0.89,0.37,51%,49%,18,7,5,3,7,3,11,14,4,3,2,0,23,11,1,3,0,0,12,10,0,1,0,0,507,494,0,0,117,99,47,38,0.44,0.14,51%,49%,8,2,2,1,4,0,7,7,2,2,1,0,10,4,0,2,0,0,0,0,6,6,0,0,255,241,0,0,55,49,16,26
51,10.03.2024,RODADA 28,AC Milan,Empoli,1,0,1,0,0,0,0.89,0.23,62%,38%,15,5,5,2,8,2,17,19,11,4,1,4,14,19,2,4,0,0,18,13,1,4,0,0,555,340,0,0,119,61,67,19,0.32,0.11,74%,26%,8,2,3,1,4,1,11,11,7,0,0,2,6,10,1,2,0,0,11,9,1,1,0,0,341,119,0,0,72,16,41,9
52,10.03.2024,RODADA 28,Lecce,Verona,0,1,0,1,0,0,1.01,0.60,56%,44%,15,13,3,4,5,7,21,17,11,6,3,2,33,21,3,3,15,19,0,1,3,3,0,0,322,264,0,0,88,80,50,34,0.75,0.22,50%,50%,7,8,3,3,1,4,6,8,8,3,1,0,19,13,2,3,0,0,7,6,1,1,0,0,117,129,0,0,32,41,22,15
53,09.03.2024,RODADA 28,Genoa,Monza,2,3,0,2,2,1,1.99,1.65,62%,38%,22,9,6,5,9,3,10,11,10,1,1,0,22,12,2,4,0,0,11,10,1,1,0,0,461,284,0,0,111,65,62,14,0.23,1.10,65%,35%,6,6,0,3,4,3,6,3,3,1,0,0,13,9,1,0,0,0,4,5,1,1,0,0,287,158,0,0,56,29,25,6
54,09.03.2024,RODADA 28,Bologna,Inter,0,1,0,1,0,0,0.68,0.82,60%,40%,19,5,3,4,6,1,12,16,7,2,0,2,19,21,3,3,0,0,17,12,2,1,0,0,647,441,0,0,142,79,54,35,0.28,0.02,53%,47%,7,5,2,4,1,1,5,6,3,2,0,2,8,11,3,2,0,0,6,4,1,0,0,0,302,263,0,0,45,51,11,28
55,09.03.2024,RODADA 28,Cagliari,Salernitana,4,2,2,0,2,2,3.34,1.08,29%,71%,12,12,7,5,2,5,11,19,5,4,4,2,18,25,3,3,0,0,16,11,1,2,0,0,165,364,0,0,59,117,22,54,0.02,0.26,34%,66%,4,6,2,1,2,3,3,12,1,2,3,1,9,13,1,0,0,0,0,0,9,2,0,0,133,257,0,0,31,59,12,22
56,09.03.2024,RODADA 28,Sassuolo,Frosinone,1,0,0,0,1,0,0.65,0.31,39%,61%,10,11,4,1,2,7,11,13,1,2,0,1,26,17,1,3,0,0,14,9,3,1,0,0,341,528,0,0,114,112,44,50,0.04,0.01,48%,52%,4,5,2,0,1,3,6,7,1,0,0,1,13,6,0,2,0,0,7,4,2,0,0,0,223,243,0,0,65,54,34,21
57,08.03.2024,RODADA 28,Napoli,Torino,1,1,0,0,1,1,1.53,1.14,63%,37%,22,11,8,2,9,6,13,11,13,7,3,0,28,13,1,7,0,0,9,13,2,2,0,0,522,312,0,0,96,98,58,20,0.72,0.21,58%,42%,6,4,2,1,3,1,8,8,4,4,1,0,15,9,1,2,0,0,7,8,2,2,0,0,249,174,0,0,36,58,20,10
58,04.03.2024,RODADA 27,Inter,Genoa,2,1,2,0,0,1,1.68,0.94,62%,38%,16,10,5,2,5,4,19,6,4,5,1,2,17,7,1,3,0,0,5,17,2,3,0,0,617,370,0,0,116,87,48,44,1.44,0.56,60%,40%,8,5,2,1,3,3,4,3,1,2,1,0,7,5,1,0,0,0,2,5,1,1,0,0,315,204,0,0,61,40,14,13
59,03.03.2024,RODADA 27,Napoli,Juventus,2,1,1,0,1,1,2.32,1.33,71%,29%,14,18,7,4,4,10,17,9,2,1,1,1,20,17,3,5,0,0,6,16,1,4,0,0,652,265,0,0,116,77,47,31,1.20,0.72,69%,31%,11,9,5,1,3,6,7,3,1,0,1,0,10,6,1,4,0,0,1,7,0,3,0,0,353,158,0,0,61,43,28,21
60,03.03.2024,RODADA 27,Atalanta,Bologna,1,2,1,0,0,2,1.38,1.22,55%,45%,11,11,2,6,2,2,17,15,6,2,2,2,31,20,4,1,0,0,11,12,3,2,0,0,541,470,0,0,130,87,64,30,0.92,0.27,50%,50%,6,5,2,2,2,1,8,4,3,1,1,1,11,10,2,1,0,0,2,6,1,1,0,0,269,283,0,0,70,53,32,19
61,03.03.2024,RODADA 27,Empoli,Cagliari,0,1,0,0,0,1,1.19,0.53,56%,44%,16,8,3,4,5,2,14,15,9,2,3,0,31,23,3,3,0,0,11,15,0,3,0,0,441,368,0,0,111,70,54,32,0.66,0.15,48%,52%,6,4,2,2,2,1,6,5,1,2,1,0,12,14,2,2,0,0,3,7,0,1,0,0,216,242,0,0,54,40,27,18
62,03.03.2024,RODADA 27,Frosinone,Lecce,1,1,1,0,0,1,1.06,0.92,65%,35%,15,11,7,4,3,3,10,12,12,8,2,2,27,21,3,6,0,0,11,10,1,1,0,0,403,224,0,0,93,79,63,26,0.36,0.13,66%,34%,5,5,3,3,1,1,5,7,5,5,1,0,15,10,3,2,0,0,6,5,1,0,0,0,235,119,0,0,52,36,30,12
63,03.03.2024,RODADA 27,Verona,Sassuolo,1,0,0,0,1,0,0.31,0.41,49%,51%,10,13,5,2,3,2,12,24,2,10,1,2,19,35,2,4,0,0,23,10,4,2,0,0,317,325,0,0,92,110,23,39,0.09,0.18,56%,44%,6,4,2,1,2,0,6,9,2,4,1,1,11,17,1,2,0,0,0,0,8,5,0,0,207,160,0,0,61,50,15,18
64,02.03.2024,RODADA 27,Torino,Fiorentina,0,0,0,0,0,0,0.72,0.65,35%,65%,8,14,2,3,5,7,13,14,4,5,1,0,9,17,3,2,13,13,1,0,2,4,0,0,249,472,0,0,69,80,21,48,0.45,0.06,45%,55%,5,3,1,0,3,3,7,9,2,4,0,0,4,10,0,1,9,7,1,0,2,3,0,0,159,192,0,0,37,33,14,11
65,02.03.2024,RODADA 27,Monza,AS Roma,1,4,0,2,1,2,0.70,1.87,49%,51%,16,12,5,6,8,3,15,9,6,3,0,1,5,6,2,4,0,0,11,18,1,4,0,0,430,446,0,0,59,100,38,33,0.21,0.61,42%,58%,5,7,1,4,3,2,6,4,2,2,0,1,1,2,2,1,0,0,4,7,0,1,0,0,199,267,0,0,17,63,10,19
66,02.03.2024,RODADA 27,Udinese,Salernitana,1,1,1,1,0,0,1.32,0.74,50%,50%,18,17,5,1,8,11,15,18,5,6,4,1,15,20,0,4,13,13,1,0,5,1,0,0,379,388,0,0,109,70,51,32,0.91,0.15,57%,43%,10,4,5,1,3,3,5,11,0,2,2,0,8,12,0,4,0,0,9,5,2,0,0,0,230,178,0,0,63,36,32,12
67,01.03.2024,RODADA 27,Lazio,AC Milan,0,1,0,0,0,1,1.46,1.02,38%,62%,11,14,3,5,6,6,11,15,2,5,0,3,12,17,4,3,17,19,3,0,5,6,0,0,314,509,0,0,91,102,33,37,0.71,0.23,41%,59%,5,5,2,1,2,3,8,7,2,2,0,0,9,9,1,2,0,0,0,0,7,10,0,0,172,253,0,0,50,37,16,19
68,28.02.2024,RODADA 21,Inter,Atalanta,4,0,2,0,2,0,1.81,0.29,59%,41%,15,6,7,1,4,4,16,12,4,1,2,2,16,14,1,3,0,0,10,15,2,6,0,0,588,409,0,0,87,96,31,40,0.79,0.18,62%,38%,9,3,3,1,4,2,9,5,2,0,2,1,12,11,1,1,0,0,3,8,1,1,0,0,310,190,0,0,49,48,14,17
69,28.02.2024,RODADA 21,Sassuolo,Napoli,1,6,1,3,0,3,0.33,2.87,28%,72%,5,27,2,9,1,6,8,3,5,10,0,3,18,18,3,1,0,0,0,0,3,5,0,0,268,720,0,0,58,110,22,62,0.33,1.26,30%,70%,3,13,2,4,0,5,6,2,1,3,0,3,7,13,1,1,0,0,0,0,2,3,0,0,146,347,0,0,26,56,11,38
70,26.02.2024,RODADA 26,Fiorentina,Lazio,2,1,0,1,2,0,2.82,0.32,54%,46%,22,5,7,1,9,2,12,16,13,2,1,0,17,20,0,5,0,0,15,12,0,2,0,0,546,481,0,0,110,83,56,22,1.02,0.27,62%,38%,12,3,3,1,6,1,6,5,11,2,1,0,8,4,0,3,0,0,0,0,4,6,0,0,304,188,0,0,51,34,26,7
71,26.02.2024,RODADA 26,AS Roma,Torino,3,2,1,1,2,1,1.31,0.68,55%,45%,6,14,3,6,2,2,17,12,0,4,0,1,8,5,4,0,0,0,12,16,2,2,0,0,549,439,0,0,73,84,19,47,1.06,0.45,54%,46%,3,10,1,2,1,2,12,5,0,2,0,1,5,2,1,0,0,0,4,12,1,2,0,0,268,222,0,0,27,41,6,23
72,25.02.2024,RODADA 26,AC Milan,Atalanta,1,1,1,1,0,0,1.34,0.96,68%,32%,20,8,7,3,7,3,13,7,5,3,0,1,14,12,2,6,0,0,12,16,1,4,0,0,630,295,0,0,137,75,67,24,0.45,0.96,72%,28%,9,7,1,3,4,3,6,4,4,3,0,1,8,4,2,0,0,0,6,6,1,2,0,0,317,124,0,0,54,31,31,11
73,25.02.2024,RODADA 26,Lecce,Inter,0,4,0,1,0,3,0.81,3.22,39%,61%,14,11,2,7,9,3,10,14,7,10,3,5,7,16,3,2,0,0,13,6,1,2,0,0,353,557,0,0,83,78,37,36,0.39,0.60,39%,61%,8,4,0,2,6,2,7,8,3,4,2,3,5,10,1,0,0,0,7,5,1,1,0,0,160,256,0,0,42,43,23,17
74,25.02.2024,RODADA 26,Cagliari,Napoli,1,1,0,0,1,1,0.73,1.06,29%,71%,8,9,3,4,4,5,14,16,4,3,4,2,26,23,3,2,0,0,12,12,4,1,0,0,220,589,0,0,88,100,43,39,0.33,0.06,25%,75%,5,2,1,1,3,1,6,6,3,1,1,0,14,13,1,1,0,0,5,6,1,0,0,0,100,335,0,0,44,48,22,24
75,25.02.2024,RODADA 26,Juventus,Frosinone,3,2,2,2,1,0,2.19,0.48,62%,38%,22,6,5,2,12,3,7,15,8,3,3,1,22,10,0,2,0,0,12,6,2,2,0,0,608,371,0,0,115,73,57,25,0.65,0.41,62%,38%,7,5,3,2,3,2,3,4,3,1,0,1,12,10,0,1,0,0,4,2,1,0,0,0,298,186,0,0,47,36,19,12
76,24.02.2024,RODADA 26,Genoa,Udinese,2,0,2,0,0,0,1.47,0.27,65%,35%,19,5,4,1,8,0,20,10,8,3,1,2,13,10,1,2,9,17,0,1,1,4,0,0,600,317,0,0,125,75,59,29,0.94,0.27,62%,38%,9,4,3,1,2,0,9,4,3,2,0,0,9,5,1,1,0,0,4,8,1,2,0,0,263,162,0,0,63,32,30,14
77,24.02.2024,RODADA 26,Salernitana,Monza,0,2,0,0,0,2,0.86,2.20,41%,59%,11,17,3,7,4,7,13,6,7,11,0,2,14,16,5,3,0,0,6,13,2,2,0,0,361,515,0,0,90,87,41,35,0.20,1.13,47%,53%,4,6,0,2,3,3,9,3,2,4,0,2,9,11,2,0,0,0,2,9,1,0,0,0,184,209,0,0,48,40,21,15
78,24.02.2024,RODADA 26,Sassuolo,Empoli,2,3,0,1,2,2,1.61,2.43,54%,46%,19,13,5,6,11,4,13,9,4,1,0,3,22,19,3,3,0,0,12,14,1,3,0,0,401,363,0,0,104,62,60,35,0.34,0.85,53%,47%,7,5,1,3,6,1,5,5,1,0,0,0,11,11,2,1,0,0,6,5,1,0,0,0,218,205,0,0,63,35,30,15
79,23.02.2024,RODADA 26,Bologna,Verona,2,0,1,0,1,0,1.51,0.56,58%,42%,12,7,3,3,5,3,13,12,11,1,3,3,28,21,3,1,0,0,12,15,2,2,0,0,454,334,0,0,95,115,40,45,0.65,0.06,65%,35%,5,2,2,2,2,0,9,8,6,0,3,1,16,13,2,1,0,0,6,9,1,1,0,0,224,124,0,0,48,42,20,18
80,22.02.2024,RODADA 21,Torino,Lazio,0,2,0,0,0,2,1.53,0.48,55%,45%,24,7,4,4,12,1,7,12,7,4,1,0,21,14,2,4,11,7,0,1,3,2,0,0,505,433,0,0,127,78,57,16,0.99,0.06,49%,51%,13,3,3,1,6,1,4,7,4,4,0,0,7,7,1,3,0,0,7,4,2,0,0,0,224,241,0,0,60,42,24,14
81,18.02.2024,RODADA 25,Monza,AC Milan,4,2,2,0,2,2,1.76,1.32,50%,50%,12,16,6,6,2,4,9,10,7,3,0,0,13,12,4,2,11,10,0,1,4,1,0,0,456,468,0,0,88,128,27,40,1.05,0.59,41%,59%,5,8,3,2,1,2,4,6,2,2,0,0,5,5,2,1,0,0,6,5,2,0,0,0,184,271,0,0,38,78,11,20
82,18.02.2024,RODADA 25,Frosinone,AS Roma,0,3,0,1,0,2,1.62,1.79,43%,57%,25,13,7,5,11,4,18,8,10,2,0,1,13,11,2,7,0,0,10,16,0,3,0,0,373,510,0,0,102,96,39,24,1.39,0.09,42%,58%,18,3,4,2,8,1,4,3,7,0,0,0,10,7,1,4,0,0,4,4,0,1,0,0,170,252,0,0,52,48,17,6
83,18.02.2024,RODADA 25,Empoli,Fiorentina,1,1,0,1,1,0,0.99,1.03,39%,61%,5,9,4,4,0,3,15,16,0,3,1,1,23,25,3,3,0,0,15,14,3,2,0,0,321,500,0,0,65,114,19,42,0.03,0.56,38%,62%,1,4,0,2,0,1,7,6,0,0,0,1,11,9,1,0,0,0,6,5,2,0,0,0,176,284,0,0,27,54,7,17
84,18.02.2024,RODADA 25,Udinese,Cagliari,1,1,1,1,0,0,1.15,0.34,52%,48%,17,5,3,2,7,3,10,17,3,4,3,0,27,28,1,2,0,0,14,10,3,2,0,0,435,401,0,0,110,91,45,47,0.57,0.12,57%,43%,10,2,2,2,3,0,6,8,0,0,2,0,14,9,1,1,0,0,6,6,1,2,0,0,272,211,0,0,65,40,20,13
85,18.02.2024,RODADA 25,Lazio,Bologna,1,2,1,1,0,1,1.10,1.36,44%,56%,12,11,7,3,1,5,10,6,8,3,2,0,18,19,1,6,0,0,5,11,2,3,0,0,464,610,0,0,114,90,43,34,1.00,0.73,46%,54%,8,4,6,1,1,3,5,5,5,0,1,0,10,7,0,5,0,0,4,5,1,1,0,0,233,279,0,0,47,48,11,8
86,17.02.2024,RODADA 25,Atalanta,Sassuolo,3,0,1,0,2,0,3.52,1.86,57%,43%,27,12,13,4,9,5,9,10,11,5,1,0,19,28,4,10,0,0,0,0,10,9,0,0,546,418,0,0,106,100,74,40,2.15,1.71,65%,35%,13,9,6,3,3,4,4,5,5,3,1,0,9,10,3,5,0,0,0,0,5,4,0,0,335,181,0,0,66,49,45,21
87,17.02.2024,RODADA 25,Verona,Juventus,2,2,1,1,1,1,0.58,1.39,44%,56%,14,18,9,4,3,6,13,8,5,4,0,2,18,25,2,7,0,0,0,0,8,10,0,0,347,466,0,0,86,98,39,40,0.34,1.21,50%,50%,8,9,5,1,1,1,7,4,2,3,0,2,9,9,0,4,0,0,0,0,4,4,0,0,211,217,0,0,49,46,22,16
88,17.02.2024,RODADA 25,Napoli,Genoa,1,1,0,0,1,1,1.47,0.23,74%,26%,25,6,7,4,13,1,16,9,7,2,0,4,22,10,3,6,0,0,9,13,3,2,0,0,688,239,0,0,152,61,87,22,0.42,0.20,71%,29%,9,5,2,3,5,1,6,3,2,1,0,2,10,6,3,2,0,0,3,5,2,0,0,0,353,141,0,0,81,32,36,13
89,16.02.2024,RODADA 25,Inter,Salernitana,4,0,3,0,1,0,3.61,0.03,73%,27%,26,1,10,0,10,1,9,13,18,0,4,0,20,15,0,6,0,0,9,9,0,1,0,0,630,250,0,0,130,39,87,6,2.59,0.00,77%,23%,16,0,7,0,6,0,4,4,9,0,1,0,10,7,0,4,0,0,0,0,3,4,0,0,371,115,0,0,72,18,46,2
90,16.02.2024,RODADA 25,Torino,Lecce,2,0,0,0,2,0,1.49,0.57,60%,40%,12,8,4,4,4,2,9,16,5,5,1,0,15,19,4,2,16,11,0,1,1,4,0,0,500,331,0,0,127,75,33,18,0.21,0.14,63%,37%,6,2,1,1,1,1,5,6,3,4,0,0,7,13,1,1,0,0,6,6,1,1,0,0,254,156,0,0,67,39,17,10
91,14.02.2024,RODADA 21,Bologna,Fiorentina,2,0,1,0,1,0,2.13,0.94,58%,42%,18,12,7,3,8,6,9,13,2,3,3,0,18,24,3,5,0,0,11,8,2,3,0,0,550,387,0,0,84,108,29,50,0.44,0.19,62%,38%,7,4,2,1,4,3,6,8,0,1,2,0,7,8,1,1,0,0,7,5,0,1,0,0,306,188,0,0,33,46,7,18
92,12.02.2024,RODADA 24,Juventus,Udinese,0,1,0,1,0,0,1.38,0.69,70%,30%,14,8,6,1,7,4,10,15,8,4,0,0,32,14,0,6,0,0,15,10,3,3,0,0,548,235,0,0,146,52,92,25,1.14,0.52,66%,34%,10,4,6,1,4,2,3,6,4,3,0,0,12,9,0,6,0,0,6,3,1,1,0,0,259,136,0,0,69,23,38,10
93,11.02.2024,RODADA 24,AC Milan,Napoli,1,0,1,0,0,0,0.79,0.63,40%,60%,10,12,6,2,3,6,14,13,1,2,3,1,24,19,2,5,0,0,9,12,1,1,0,0,391,574,0,0,96,121,33,56,0.34,0.12,48%,52%,3,1,3,0,0,1,6,8,0,0,1,1,13,8,0,2,0,0,0,0,6,5,0,0,251,268,0,0,55,60,20,19
94,11.02.2024,RODADA 24,Genoa,Atalanta,1,4,0,1,1,3,1.01,2.06,55%,45%,15,14,6,9,5,1,13,8,7,4,0,1,20,22,5,5,0,0,8,13,3,4,0,0,515,422,0,0,132,82,60,40,0.25,0.28,50%,50%,7,3,3,1,2,1,6,4,3,0,0,0,11,12,0,3,0,0,4,6,1,2,0,0,251,248,0,0,61,54,15,27
95,11.02.2024,RODADA 24,Bologna,Lecce,4,0,2,0,2,0,1.49,1.05,65%,35%,16,14,6,3,9,8,12,6,4,3,0,0,22,17,3,2,0,0,10,13,1,2,0,0,630,334,0,0,104,103,43,35,0.67,0.74,72%,28%,10,7,4,2,6,3,4,3,3,0,0,0,11,11,2,2,0,0,3,5,1,1,0,0,348,136,0,0,69,41,33,13
96,11.02.2024,RODADA 24,Monza,Verona,0,0,0,0,0,0,0.68,0.57,55%,45%,11,10,1,1,7,7,17,17,5,2,1,3,17,13,1,1,0,0,19,15,1,2,0,0,433,360,0,0,105,91,32,34,0.40,0.42,53%,47%,5,6,1,1,3,5,8,5,1,2,1,3,11,6,1,1,0,0,0,0,4,6,0,0,229,203,0,0,52,51,19,24
97,11.02.2024,RODADA 24,Fiorentina,Frosinone,5,1,3,0,2,1,1.94,1.17,54%,46%,18,11,7,3,8,3,9,16,2,5,0,1,29,25,2,2,0,0,16,8,3,1,0,0,413,348,0,0,109,65,55,47,1.14,0.44,55%,45%,11,6,4,0,6,2,5,6,2,2,0,0,16,10,0,1,0,0,6,5,1,0,0,0,200,174,0,0,62,32,33,15
98,10.02.2024,RODADA 24,Sassuolo,Torino,1,1,1,1,0,0,0.44,1.07,41%,59%,11,13,4,2,5,5,16,12,5,4,0,4,25,17,1,3,0,0,12,11,1,3,0,0,353,506,0,0,97,101,46,38,0.11,0.91,37%,63%,4,6,2,1,1,3,8,6,2,1,0,1,16,12,0,1,0,0,6,7,1,0,0,0,160,278,0,0,40,49,27,13
99,10.02.2024,RODADA 24,AS Roma,Inter,2,4,2,1,0,3,0.82,0.94,46%,54%,8,10,3,6,4,2,13,11,3,8,0,0,19,20,2,1,0,0,9,14,2,0,0,0,477,545,0,0,101,88,38,45,0.32,0.08,49%,51%,5,4,3,1,2,1,7,3,1,7,0,0,15,12,0,1,0,0,0,0,3,7,0,0,233,237,0,0,49,37,9,20
100,10.02.2024,RODADA 24,Cagliari,Lazio,1,3,0,1,1,2,0.87,1.19,45%,55%,13,12,6,5,4,6,10,8,7,8,1,3,19,22,2,5,0,0,6,9,1,3,0,0,479,585,0,0,107,121,45,41,0.36,0.35,39%,61%,3,6,2,2,0,3,7,5,1,4,1,2,10,15,1,2,0,0,4,6,0,1,0,0,225,357,0,0,36,80,7,21
101,09.02.2024,RODADA 24,Salernitana,Empoli,1,3,0,1,1,2,0.33,0.64,61%,39%,13,17,4,3,5,8,17,12,4,8,2,1,22,13,0,3,0,0,10,17,3,2,0,0,562,356,0,0,126,88,55,50,0.29,0.31,54%,46%,6,8,1,1,2,5,11,10,3,4,2,1,9,4,0,1,0,0,6,10,1,1,0,0,238,205,0,0,51,45,22,25
102,05.02.2024,RODADA 23,AS Roma,Cagliari,4,0,2,0,2,0,3.05,0.51,53%,47%,20,12,6,3,7,6,12,13,7,5,5,0,8,13,3,2,0,0,8,12,1,1,0,0,475,411,0,0,75,109,29,35,0.97,0.30,58%,42%,8,6,3,2,3,3,7,6,2,2,2,0,5,2,2,1,0,0,0,0,4,7,0,0,317,224,0,0,54,58,14,20
103,04.02.2024,RODADA 23,Inter,Juventus,1,0,1,0,0,0,1.90,0.69,54%,46%,15,12,3,1,7,4,8,8,6,4,0,0,17,13,1,2,0,0,8,8,2,3,0,0,556,495,0,0,114,113,62,41,0.87,0.12,61%,39%,9,2,1,0,3,0,4,5,4,2,0,0,10,5,0,0,0,0,5,5,0,2,0,0,338,225,0,0,58,54,37,13
104,04.02.2024,RODADA 23,Atalanta,Lazio,3,1,2,0,1,1,2.42,1.07,53%,47%,19,7,5,1,9,3,13,13,6,1,1,1,7,25,0,2,0,0,13,14,2,3,0,0,555,495,0,0,108,87,66,31,1.61,0.09,56%,44%,12,1,3,0,5,1,6,7,5,1,0,1,5,15,0,1,0,0,7,6,1,2,0,0,265,208,0,0,59,38,33,12
105,04.02.2024,RODADA 23,Napoli,Verona,2,1,0,0,2,1,1.48,0.99,69%,31%,19,12,8,2,9,10,16,12,9,2,2,2,24,13,1,6,0,0,11,14,3,2,0,0,601,258,0,0,141,80,59,30,0.26,0.17,78%,22%,8,4,2,0,5,4,10,4,6,0,2,0,12,7,0,2,0,0,2,9,0,1,0,0,388,105,0,0,96,24,37,7
106,04.02.2024,RODADA 23,Torino,Salernitana,0,0,0,0,0,0,0.99,0.08,67%,33%,13,3,1,1,7,2,8,14,10,1,3,0,31,13,1,1,0,0,11,8,2,1,0,0,505,256,0,0,117,49,67,12,0.49,0.00,70%,30%,6,0,0,0,2,0,6,6,2,0,2,0,16,7,0,0,0,0,4,6,1,0,0,0,274,119,0,0,63,20,35,5
107,03.02.2024,RODADA 23,Bologna,Sassuolo,4,2,1,2,3,0,1.07,0.50,71%,29%,19,12,4,4,5,4,10,12,7,4,1,0,33,18,2,0,0,0,12,10,1,3,0,0,691,282,0,0,135,77,59,41,0.21,0.36,72%,28%,5,7,1,3,2,1,7,6,2,3,0,0,19,11,1,0,0,0,7,7,0,1,0,0,364,135,0,0,67,30,32,20
108,03.02.2024,RODADA 23,Frosinone,AC Milan,2,3,1,1,1,2,0.93,1.56,42%,58%,7,13,4,5,2,3,15,9,2,4,0,1,19,35,2,2,0,0,10,13,1,3,0,0,377,506,0,0,84,87,29,54,0.93,0.28,44%,56%,4,5,3,3,1,1,6,4,2,1,0,0,8,14,2,2,0,0,4,7,0,1,0,0,211,259,0,0,38,40,20,22
109,03.02.2024,RODADA 23,Empoli,Genoa,0,0,0,0,0,0,0.54,0.64,48%,52%,15,10,4,2,4,4,11,14,6,6,2,2,31,12,2,4,11,12,0,1,2,3,0,0,392,438,0,0,106,79,54,36,0.12,0.06,49%,51%,6,2,1,0,2,0,5,5,4,3,1,2,18,5,0,1,0,0,0,0,4,4,0,0,215,231,0,0,59,36,28,11
110,03.02.2024,RODADA 23,Udinese,Monza,0,0,0,0,0,0,0.78,0.11,47%,53%,21,3,6,2,8,1,12,12,7,4,1,0,26,12,2,6,0,0,12,13,3,2,0,0,423,490,0,0,102,94,45,21,0.42,0.00,43%,57%,11,0,5,0,3,0,6,9,5,1,1,0,9,6,0,5,0,0,8,7,1,0,0,0,207,281,0,0,48,43,18,7
111,02.02.2024,RODADA 23,Lecce,Fiorentina,3,2,1,0,2,2,2.57,0.96,44%,56%,16,10,8,3,5,6,7,13,1,3,4,1,22,26,1,5,0,0,13,14,3,3,0,0,318,412,0,0,81,127,37,39,0.72,0.06,34%,66%,8,2,3,0,3,2,4,3,1,1,2,1,13,12,0,2,0,0,3,3,0,1,0,0,124,256,0,0,39,64,16,15
112,29.01.2024,RODADA 22,Salernitana,AS Roma,1,2,0,0,1,2,1.01,1.34,38%,62%,15,5,7,2,4,1,14,12,5,1,3,4,14,10,0,6,0,0,12,12,2,3,0,0,364,616,0,0,95,111,50,29,0.48,0.09,26%,74%,9,2,3,0,2,1,7,5,3,0,1,1,9,8,0,3,0,0,4,7,1,1,0,0,126,363,0,0,33,64,20,18
113,28.01.2024,RODADA 22,Fiorentina,Inter,0,1,0,1,0,0,0.74,0.28,58%,42%,14,8,4,4,5,2,15,9,7,6,3,4,12,15,3,4,0,0,6,12,2,3,0,0,517,378,0,0,133,73,62,34,0.74,0.28,54%,46%,8,3,2,3,2,0,7,4,4,3,2,0,4,7,2,2,0,0,2,7,1,1,0,0,257,219,0,0,73,34,26,8
114,28.01.2024,RODADA 22,Lazio,Napoli,0,0,0,0,0,0,0.46,0.13,39%,61%,10,5,1,0,6,2,11,14,4,3,3,0,17,21,0,1,0,0,11,11,3,2,0,0,412,657,0,0,98,98,46,34,0.12,0.03,38%,62%,4,1,0,0,3,0,6,4,1,2,0,0,9,8,0,0,0,0,0,0,4,6,0,0,223,371,0,0,39,44,19,19
115,28.01.2024,RODADA 22,Monza,Sassuolo,1,0,1,0,0,0,0.36,0.70,61%,39%,12,14,1,3,5,6,14,9,4,5,2,0,16,19,3,0,0,0,8,13,1,3,0,0,536,325,0,0,84,101,45,45,0.22,0.46,63%,37%,6,8,1,3,3,4,4,6,3,2,2,0,9,5,3,0,0,0,5,3,1,1,0,0,262,153,0,0,34,40,29,17
116,28.01.2024,RODADA 22,Verona,Frosinone,1,1,1,0,0,1,2.37,1.40,49%,51%,15,11,5,6,7,2,12,20,1,9,3,2,30,19,5,4,0,0,17,12,2,2,0,0,414,439,0,0,131,103,35,40,2.01,0.07,54%,46%,10,3,4,0,3,1,9,12,1,3,3,1,15,9,0,3,0,0,9,10,1,1,0,0,229,190,0,0,68,45,16,10
117,28.01.2024,RODADA 22,Genoa,Lecce,2,1,0,1,2,0,1.70,1.66,49%,51%,19,19,7,5,8,7,15,12,3,8,1,0,19,18,4,5,0,0,12,17,0,2,0,0,366,372,0,0,81,99,49,43,0.37,1.13,45%,55%,5,10,1,3,3,4,5,6,1,5,1,0,6,11,2,1,0,0,0,0,7,5,0,0,168,200,0,0,35,53,16,27
118,27.01.2024,RODADA 22,AC Milan,Bologna,2,2,1,1,1,1,3.34,2.14,50%,50%,14,15,4,4,10,4,11,16,4,1,1,1,10,11,2,2,0,0,16,12,5,3,0,0,448,466,0,0,101,84,35,34,1.91,0.75,51%,49%,8,8,3,2,5,1,5,8,1,1,1,0,6,5,1,2,0,0,7,6,4,2,0,0,218,217,0,0,54,34,16,13
119,27.01.2024,RODADA 22,Juventus,Empoli,1,1,0,0,1,1,0.73,0.62,39%,61%,9,16,3,5,2,6,7,11,6,7,0,2,21,12,4,2,11,6,1,0,1,1,0,0,406,637,0,0,80,109,42,39,0.07,0.32,42%,58%,3,9,2,3,1,3,3,7,2,1,0,0,11,6,3,2,7,3,1,0,0,1,0,0,222,304,0,0,33,50,22,20
120,27.01.2024,RODADA 22,Atalanta,Udinese,2,0,2,0,0,0,1.11,0.71,59%,41%,14,13,11,5,2,6,14,8,4,4,1,3,26,25,5,9,0,0,8,11,2,1,0,0,529,381,0,0,115,99,57,41,0.94,0.52,63%,37%,10,8,8,2,1,5,6,0,3,2,0,0,13,12,2,6,0,0,1,7,0,1,0,0,262,159,0,0,62,46,32,17
121,26.01.2024,RODADA 22,Cagliari,Torino,1,2,0,2,1,0,1.71,1.68,51%,49%,25,16,10,6,9,7,18,13,8,2,0,6,25,19,4,9,0,0,12,12,2,4,0,0,369,379,0,0,119,76,53,39,0.61,1.08,41%,59%,6,8,3,4,1,1,7,6,1,2,0,2,12,14,2,3,0,0,6,5,1,0,0,0,167,245,0,0,49,49,18,27
122,21.01.2024,RODADA 21,Lecce,Juventus,0,3,0,0,0,3,0.61,2.46,52%,48%,12,15,3,8,4,5,12,9,5,5,0,0,16,21,5,3,0,0,8,12,1,1,0,0,465,437,0,0,101,87,39,37,0.22,0.51,48%,52%,5,6,1,1,3,4,9,5,1,1,0,0,6,13,1,1,0,0,4,9,0,1,0,0,215,240,0,0,54,37,14,20
123,21.01.2024,RODADA 21,Salernitana,Genoa,1,2,1,1,0,1,0.89,1.20,60%,40%,11,5,2,5,3,0,11,17,5,5,7,0,26,17,3,1,0,0,7,15,0,5,0,0,535,362,0,0,123,80,46,35,0.52,0.36,57%,43%,6,3,2,3,1,0,7,7,3,2,4,0,14,8,2,1,0,0,0,11,0,2,0,0,270,204,0,0,61,41,20,16
124,21.01.2024,RODADA 21,Empoli,Monza,3,0,2,0,1,0,1.38,0.70,28%,72%,9,15,5,5,2,5,12,15,1,7,0,2,16,20,5,2,0,0,15,10,1,3,0,0,260,655,0,0,64,145,15,72,0.78,0.21,32%,68%,5,7,4,1,0,3,5,5,0,2,0,1,8,8,1,2,0,0,0,0,5,5,0,0,156,335,0,0,33,74,9,42
125,21.01.2024,RODADA 21,Frosinone,Cagliari,3,1,0,1,3,0,2.18,0.61,60%,40%,17,9,7,4,8,4,20,12,8,4,2,2,21,19,3,4,0,0,11,18,3,5,0,0,501,323,0,0,111,86,48,36,0.73,0.31,62%,38%,5,5,3,2,2,2,11,6,3,1,1,2,12,11,1,3,0,0,6,9,0,1,0,0,267,162,0,0,62,44,16,16
126,20.01.2024,RODADA 21,Udinese,AC Milan,2,3,1,1,1,2,0.48,2.70,30%,70%,11,15,6,7,3,3,11,12,5,7,0,2,14,15,4,4,0,0,12,9,6,1,0,0,233,546,0,0,90,136,39,44,0.15,0.64,27%,73%,5,4,2,3,2,0,5,5,2,5,0,1,7,7,2,1,0,0,6,4,1,0,0,0,108,302,0,0,36,67,14,17
127,20.01.2024,RODADA 21,AS Roma,Verona,2,1,2,0,0,1,0.90,0.99,62%,38%,9,12,2,3,2,4,15,18,1,2,5,1,21,17,2,0,0,0,14,12,2,2,0,0,591,354,0,0,90,127,28,42,0.70,0.16,63%,37%,5,3,2,1,1,0,6,11,0,1,4,0,13,6,1,0,0,0,7,4,1,0,0,0,306,179,0,0,46,55,11,20
128,16.01.2024,RODADA 20,Juventus,Sassuolo,3,0,2,0,1,0,1.01,0.27,46%,54%,12,8,5,4,2,3,9,15,5,2,6,0,15,21,4,2,0,0,9,9,0,2,0,0,462,545,0,0,84,118,43,36,0.28,0.11,44%,56%,7,3,4,2,0,1,5,8,3,1,2,0,9,8,2,2,0,0,6,5,0,1,0,0,212,275,0,0,48,47,25,17
129,15.01.2024,RODADA 20,Atalanta,Frosinone,5,0,3,0,2,0,4.23,0.36,48%,52%,21,8,9,5,6,1,9,11,8,2,0,2,28,31,5,4,0,0,11,8,0,1,0,0,484,535,0,0,103,93,46,40,1.81,0.16,51%,49%,6,1,4,0,1,0,4,4,3,1,0,1,15,16,0,1,0,0,0,0,3,3,0,0,252,256,0,0,59,39,22,18
130,14.01.2024,RODADA 20,AC Milan,AS Roma,3,1,1,0,2,1,1.57,1.57,48%,52%,17,12,5,5,8,3,13,11,2,5,1,5,11,12,4,2,0,0,12,9,2,3,0,0,473,497,0,0,126,90,37,44,0.60,0.27,46%,54%,7,5,3,2,2,2,8,6,1,2,0,3,5,4,2,2,0,0,7,5,0,1,0,0,227,258,0,0,58,47,20,20
131,14.01.2024,RODADA 20,Fiorentina,Udinese,2,2,0,1,2,1,1.17,1.27,70%,30%,10,12,3,6,6,5,14,15,4,4,1,1,24,14,4,1,0,0,14,13,1,1,0,0,537,230,0,0,116,88,54,27,0.36,0.49,70%,30%,2,7,0,4,2,3,8,9,1,4,1,1,12,7,3,0,0,0,7,7,0,1,0,0,276,114,0,0,60,40,26,11
132,14.01.2024,RODADA 20,Cagliari,Bologna,2,1,1,1,1,0,0.61,0.82,39%,61%,4,11,2,4,1,7,11,13,2,5,1,3,18,23,3,1,0,0,12,8,3,2,0,0,360,617,0,0,76,120,25,66,0.54,0.42,40%,60%,3,7,2,3,1,4,5,7,0,3,1,2,6,7,2,1,0,0,7,2,2,1,0,0,214,318,0,0,44,57,2,32
133,14.01.2024,RODADA 20,Lazio,Lecce,1,0,0,0,1,0,0.91,1.32,53%,47%,8,11,2,3,4,6,10,12,2,5,0,0,16,23,3,1,0,0,14,12,4,4,0,0,517,452,0,0,88,92,27,30,0.12,0.64,52%,48%,2,9,1,3,1,4,4,7,0,5,0,0,12,12,3,1,0,0,7,4,1,1,0,0,249,218,0,0,40,40,14,17
134,13.01.2024,RODADA 20,Monza,Inter,1,5,0,2,1,3,0.93,4.04,57%,43%,9,20,2,7,7,10,14,9,4,5,3,2,11,15,2,1,0,0,6,12,2,2,0,0,534,391,0,0,102,96,38,43,0.04,2.40,52%,48%,3,12,0,2,3,8,7,5,0,1,2,2,4,9,0,0,0,0,4,6,1,0,0,0,266,246,0,0,48,61,14,30
135,13.01.2024,RODADA 20,Verona,Empoli,2,1,1,0,1,1,0.69,0.73,40%,60%,12,14,7,1,3,8,17,21,5,9,0,0,17,20,0,5,20,17,1,0,4,3,0,0,281,444,0,0,89,104,34,31,0.54,0.46,43%,57%,5,8,3,0,1,4,9,11,2,5,0,0,7,15,0,2,0,0,0,0,10,9,0,0,159,219,0,0,43,56,14,23
136,13.01.2024,RODADA 20,Genoa,Torino,0,0,0,0,0,0,0.60,0.48,44%,56%,11,6,6,0,5,5,13,11,8,4,0,2,17,20,0,6,0,0,11,11,3,2,0,0,343,441,0,0,83,100,38,45,0.19,0.01,43%,57%,6,2,2,0,4,1,11,6,4,3,0,2,10,8,0,2,0,0,6,7,1,1,0,0,164,219,0,0,40,55,12,14
137,13.01.2024,RODADA 20,Napoli,Salernitana,2,1,1,1,1,0,2.53,0.11,70%,30%,20,6,7,2,9,2,9,15,8,3,0,0,18,18,1,5,0,0,15,10,3,2,0,0,719,303,0,0,159,79,60,22,1.26,0.06,69%,31%,7,3,3,2,3,1,5,10,2,0,0,0,8,6,1,2,0,0,10,6,1,1,0,0,389,175,0,0,90,45,20,8
138,07.01.2024,RODADA 19,AS Roma,Atalanta,1,1,1,1,0,0,1.89,0.68,55%,45%,16,8,6,2,6,4,13,17,6,5,2,1,24,12,1,5,0,0,14,14,1,6,0,0,478,377,0,0,130,84,50,29,1.32,0.51,53%,47%,9,5,5,2,3,1,7,8,2,4,2,0,9,9,1,4,0,0,4,8,0,3,0,0,228,200,0,0,58,44,29,14
139,07.01.2024,RODADA 19,Salernitana,Juventus,1,2,1,0,0,2,0.58,2.26,29%,71%,8,18,3,3,3,9,17,10,2,8,0,2,17,23,1,2,9,15,1,0,3,5,0,0,258,606,0,0,65,135,23,73,0.42,0.33,38%,62%,3,5,2,0,1,1,10,5,1,5,0,1,10,11,0,1,0,0,5,8,2,1,0,0,164,262,0,0,30,70,6,23
140,07.01.2024,RODADA 19,Torino,Napoli,3,0,1,0,2,0,1.94,1.02,50%,50%,10,10,6,3,3,4,15,10,2,5,3,3,19,16,3,3,7,10,0,1,0,2,0,0,439,449,0,0,101,73,40,28,0.81,0.53,51%,49%,5,4,2,2,2,1,7,4,1,1,0,2,13,13,2,1,0,0,4,4,0,1,0,0,232,234,0,0,60,36,28,15
141,07.01.2024,RODADA 19,Udinese,Lazio,1,2,0,1,1,1,0.68,0.42,47%,53%,13,7,2,2,6,4,21,14,4,4,0,1,29,21,0,1,0,0,16,22,5,3,0,0,390,447,0,0,83,104,28,39,0.04,0.30,49%,51%,2,3,0,1,0,1,11,9,3,1,0,0,15,15,0,0,0,0,11,11,4,1,0,0,206,216,0,0,46,46,12,14
142,07.01.2024,RODADA 19,Empoli,AC Milan,0,3,0,2,0,1,0.83,1.69,35%,65%,17,13,2,6,5,4,13,8,6,6,0,0,20,24,3,2,0,0,9,13,1,2,0,0,321,623,0,0,86,87,36,55,0.30,1.23,37%,63%,7,6,0,3,3,1,6,4,2,4,0,0,10,10,1,0,0,0,5,6,0,1,0,0,164,293,0,0,44,43,15,28
143,06.01.2024,RODADA 19,Sassuolo,Fiorentina,1,0,1,0,0,0,0.87,1.13,33%,67%,7,9,1,3,5,4,20,14,1,8,5,6,16,22,3,0,0,0,10,14,3,2,0,0,235,460,0,0,56,115,17,67,0.64,0.04,36%,64%,5,1,1,0,4,1,10,7,0,4,2,2,9,12,0,0,0,0,5,8,1,1,0,0,144,259,0,0,26,63,8,27
144,06.01.2024,RODADA 19,Lecce,Cagliari,1,1,1,0,0,1,1.51,0.84,41%,59%,15,14,2,2,9,7,14,26,7,6,6,0,23,21,1,1,0,0,20,14,1,1,0,0,266,393,0,0,72,114,37,33,1.39,0.26,41%,59%,9,7,1,0,5,5,7,11,5,4,4,0,14,12,0,0,0,0,8,7,0,1,0,0,116,170,0,0,30,48,23,11
145,06.01.2024,RODADA 19,Frosinone,Monza,2,3,0,2,2,1,1.13,1.32,59%,41%,10,7,5,2,3,3,13,12,5,1,2,0,27,14,0,3,0,0,11,16,3,5,0,0,505,356,0,0,135,70,69,14,0.04,1.32,55%,45%,3,6,1,2,2,3,6,4,3,1,2,0,14,12,0,1,0,0,3,7,0,1,0,0,234,193,0,0,68,34,21,10
146,06.01.2024,RODADA 19,Inter,Verona,2,1,1,0,1,1,1.80,1.14,61%,39%,15,8,6,3,8,4,15,20,7,0,6,1,24,17,2,4,16,15,0,1,0,2,0,0,511,320,0,0,102,84,47,36,0.53,0.34,60%,40%,4,4,1,2,2,1,8,7,3,0,2,1,15,10,2,0,0,0,0,0,4,7,0,0,269,181,0,0,51,43,20,15
147,05.01.2024,RODADA 19,Bologna,Genoa,1,1,0,1,1,0,1.50,0.15,71%,29%,21,3,8,1,4,2,10,10,11,2,2,0,23,18,0,7,0,0,8,10,3,3,0,0,664,273,0,0,145,68,76,29,0.56,0.08,65%,35%,8,2,3,1,2,1,3,6,1,2,1,0,12,10,0,3,0,0,5,3,1,1,0,0,313,175,0,0,75,33,23,15
148,30.12.2023,RODADA 18,Juventus,AS Roma,1,0,0,0,1,0,1.22,0.41,43%,57%,13,11,4,2,6,5,14,17,2,2,2,0,11,13,2,3,0,0,15,14,1,1,0,0,440,597,0,0,99,107,44,44,0.47,0.16,47%,53%,9,4,2,0,5,3,7,4,2,2,0,0,7,5,0,2,0,0,0,0,4,7,0,0,248,279,0,0,55,48,25,18
149,30.12.2023,RODADA 18,AC Milan,Sassuolo,1,0,0,0,1,0,1.84,0.50,59%,41%,20,12,2,6,11,3,7,14,6,5,6,0,15,20,6,1,0,0,8,7,0,1,0,0,511,358,0,0,102,95,53,36,0.52,0.15,60%,40%,11,4,1,3,6,0,4,10,3,2,5,0,9,13,3,1,0,0,0,0,5,4,0,0,235,155,0,0,45,41,25,16
150,30.12.2023,RODADA 18,Verona,Salernitana,0,1,0,0,0,1,0.63,0.62,48%,52%,11,9,0,3,9,3,12,15,7,6,2,0,20,27,2,0,0,0,14,13,2,2,0,0,340,374,0,0,112,98,30,63,0.27,0.55,42%,58%,4,7,0,2,4,3,7,6,4,5,1,0,8,14,2,0,0,0,6,7,1,0,0,0,143,196,0,0,34,57,7,38
151,30.12.2023,RODADA 18,Cagliari,Empoli,0,0,0,0,0,0,2.03,0.36,50%,50%,15,5,3,1,10,3,20,22,8,6,3,3,24,17,1,3,0,0,18,18,1,3,0,0,329,356,0,0,108,93,51,37,0.31,0.31,40%,60%,6,3,0,0,5,2,8,11,4,5,2,2,8,12,0,0,0,0,8,6,1,1,0,0,128,200,0,0,35,49,14,26
152,30.12.2023,RODADA 18,Udinese,Bologna,3,0,1,0,2,0,0.98,0.97,26%,74%,15,14,7,5,6,7,12,12,7,7,1,0,13,15,5,4,0,0,15,14,2,5,0,0,189,563,0,0,67,135,30,41,0.53,0.22,19%,81%,10,4,5,0,4,3,5,3,3,4,0,0,8,8,0,4,0,0,5,6,1,2,0,0,67,313,0,0,31,68,13,16
153,30.12.2023,RODADA 18,Atalanta,Lecce,1,0,0,0,1,0,0.97,1.17,62%,38%,17,15,4,2,11,10,19,12,5,6,2,3,22,19,2,3,0,0,10,16,2,2,0,0,547,321,0,0,120,95,65,31,0.38,0.12,71%,29%,8,5,1,1,5,3,8,6,2,2,0,1,13,11,1,1,0,0,7,7,1,0,0,0,332,136,0,0,59,49,29,12
154,29.12.2023,RODADA 18,Genoa,Inter,1,1,1,1,0,0,0.48,1.45,48%,52%,13,16,4,6,5,6,14,13,8,2,0,0,18,17,5,3,0,0,13,15,2,2,0,0,376,426,0,0,68,90,54,45,0.18,1.45,55%,45%,6,10,2,5,2,3,7,5,4,0,0,0,7,8,4,1,0,0,0,0,5,7,0,0,245,206,0,0,42,43,33,20
155,29.12.2023,RODADA 18,Lazio,Frosinone,3,1,0,0,3,1,1.62,1.01,55%,45%,13,11,5,2,5,5,16,18,6,2,2,0,26,24,1,2,0,0,18,15,3,2,0,0,457,381,0,0,110,88,52,31,0.28,0.21,56%,44%,6,5,1,1,3,4,7,6,4,1,0,0,13,13,1,1,0,0,0,0,6,7,0,0,254,195,0,0,64,37,29,18
156,29.12.2023,RODADA 18,Fiorentina,Torino,1,0,0,0,1,0,0.71,0.34,52%,48%,12,6,3,3,5,3,17,13,4,2,2,2,23,20,3,2,0,0,11,15,4,2,0,0,354,319,0,0,90,70,46,42,0.22,0.28,46%,54%,4,5,1,3,2,2,9,7,2,0,0,1,13,9,3,1,0,0,7,8,1,0,0,0,173,206,0,0,39,41,16,33
157,29.12.2023,RODADA 18,Napoli,Monza,0,0,0,0,0,0,1.96,1.39,58%,42%,25,8,9,3,10,2,23,10,10,1,0,2,22,12,3,9,0,0,10,21,4,4,0,0,497,361,0,0,139,41,63,24,0.81,0.06,55%,45%,11,2,2,0,5,1,11,4,3,1,0,0,13,3,0,2,0,0,4,12,0,1,0,0,269,219,0,0,69,24,25,12
158,23.12.2023,RODADA 17,AS Roma,Napoli,2,0,0,0,2,0,1.80,0.74,41%,59%,17,7,4,2,10,2,8,18,4,0,2,1,18,21,2,2,19,12,0,2,7,4,0,0,333,493,0,0,80,112,47,41,0.97,0.56,32%,68%,6,3,1,0,5,2,4,9,2,0,1,1,12,11,0,1,0,0,9,5,3,1,0,0,123,263,0,0,37,59,19,22
159,23.12.2023,RODADA 17,Inter,Lecce,2,0,1,0,1,0,2.80,1.16,68%,32%,20,11,8,5,9,5,13,8,16,2,0,0,16,13,5,6,8,14,0,1,1,3,0,0,583,273,0,0,103,75,61,30,1.16,1.01,73%,27%,9,5,2,2,5,3,5,4,5,1,0,0,13,7,2,1,0,0,4,6,1,1,0,0,320,120,0,0,62,32,31,10
160,23.12.2023,RODADA 17,Verona,Cagliari,2,0,0,0,2,0,1.02,1.11,59%,41%,13,12,5,3,7,8,20,12,11,7,1,1,9,24,3,3,9,19,0,1,3,4,0,0,469,330,0,0,104,100,44,37,0.11,0.57,55%,45%,3,8,1,2,2,5,11,6,5,3,1,1,4,11,2,1,0,0,5,10,1,1,0,0,224,189,0,0,47,59,15,16
161,23.12.2023,RODADA 17,Bologna,Atalanta,1,0,0,0,1,0,0.67,1.35,60%,40%,9,12,1,2,7,8,17,9,2,3,0,1,27,19,2,0,0,0,10,14,2,4,0,0,617,394,0,0,102,73,27,43,0.07,0.78,66%,34%,2,8,0,1,1,5,8,2,2,1,0,0,16,11,1,0,0,0,2,7,1,0,0,0,338,166,0,0,69,50,15,31
162,23.12.2023,RODADA 17,Torino,Udinese,1,1,0,0,1,1,0.84,1.03,62%,38%,14,10,4,4,6,5,11,13,8,2,3,1,23,10,3,3,0,0,10,11,2,2,0,0,480,313,0,0,129,68,68,26,0.50,0.35,64%,36%,10,6,3,2,3,3,6,7,5,2,2,0,9,5,2,3,0,0,0,0,5,6,0,0,228,132,0,0,56,35,28,10
163,23.12.2023,RODADA 17,Frosinone,Juventus,1,2,0,1,1,1,0.45,0.95,57%,43%,10,13,3,3,4,7,17,8,8,8,1,5,24,23,1,2,0,0,6,12,0,2,0,0,462,343,0,0,108,85,34,48,0.16,0.64,53%,47%,4,6,1,1,1,3,6,4,4,4,1,2,15,12,0,1,0,0,2,4,0,2,0,0,228,196,0,0,55,45,22,28
164,22.12.2023,RODADA 17,Monza,Fiorentina,0,1,0,1,0,0,0.67,1.87,53%,47%,7,14,2,5,3,5,13,11,1,4,0,0,19,25,4,2,0,0,12,16,3,4,0,0,481,435,0,0,80,122,30,53,0.53,1.70,47%,53%,5,6,2,5,1,1,7,4,1,1,0,0,10,12,4,2,0,0,4,9,1,1,0,0,224,258,0,0,37,66,15,22
165,22.12.2023,RODADA 17,Salernitana,AC Milan,2,2,1,1,1,1,1.43,2.60,34%,66%,19,21,7,9,6,6,13,17,6,6,2,2,14,16,7,5,16,11,1,0,3,1,0,0,268,503,0,0,59,112,27,57,1.01,0.97,34%,66%,10,11,3,3,3,3,9,8,4,3,0,1,4,5,2,2,0,0,8,8,1,1,0,0,143,279,0,0,21,50,17,24
166,22.12.2023,RODADA 17,Empoli,Lazio,0,2,0,1,0,1,0.74,2.36,54%,46%,21,14,7,7,6,1,20,7,8,9,1,3,23,21,5,7,0,0,6,17,3,2,0,0,423,360,0,0,99,80,46,41,0.19,0.91,53%,47%,9,8,3,3,3,0,11,4,2,7,0,2,7,11,2,3,0,0,4,9,2,1,0,0,211,178,0,0,33,39,17,18
167,22.12.2023,RODADA 17,Sassuolo,Genoa,1,2,1,0,0,2,2.02,1.46,43%,57%,12,14,3,5,7,8,10,12,3,6,2,1,16,19,3,2,0,0,11,9,2,1,0,0,371,479,0,0,83,97,46,50,1.54,0.24,40%,60%,6,6,2,1,3,4,7,6,0,5,1,1,7,11,1,1,0,0,4,6,2,1,0,0,179,269,0,0,43,59,14,26
168,18.12.2023,RODADA 16,Atalanta,Salernitana,4,1,0,1,4,0,1.70,1.15,52%,48%,20,10,11,3,6,3,14,10,10,7,1,3,22,25,2,7,0,0,9,11,1,2,0,0,480,461,0,0,124,86,53,25,0.62,0.33,63%,37%,9,3,5,1,2,2,7,7,8,2,1,1,13,12,0,5,0,0,6,6,0,1,0,0,306,189,0,0,72,39,26,10
169,17.12.2023,RODADA 16,Lazio,Inter,0,2,0,1,0,1,1.35,1.45,48%,52%,13,12,4,4,5,5,15,13,8,7,1,0,16,13,2,4,13,15,1,0,1,2,0,0,484,542,0,0,125,69,55,35,0.84,0.64,53%,47%,6,7,2,1,1,3,5,7,5,6,1,0,11,3,0,2,0,0,6,5,0,1,0,0,241,220,0,0,54,30,33,21
170,17.12.2023,RODADA 16,Bologna,AS Roma,2,0,1,0,1,0,0.55,0.67,56%,44%,8,8,2,3,2,3,20,18,0,4,4,3,9,20,3,0,0,0,16,16,4,4,0,0,555,427,0,0,97,105,31,45,0.48,0.16,66%,34%,6,3,1,2,2,1,10,9,0,2,0,2,4,6,2,0,0,0,10,8,3,2,0,0,318,157,0,0,42,48,15,17
171,17.12.2023,RODADA 16,Fiorentina,Verona,1,0,0,0,1,0,0.53,2.60,66%,34%,5,19,3,7,1,7,18,12,1,6,3,5,26,20,7,2,0,0,12,12,3,1,0,0,469,237,0,0,138,73,49,28,0.06,2.28,64%,36%,1,13,0,4,0,5,8,8,1,3,2,3,14,10,4,0,0,0,7,4,2,0,0,0,216,117,0,0,54,45,21,17
172,17.12.2023,RODADA 16,Udinese,Sassuolo,2,2,1,0,1,2,0.68,2.66,33%,67%,9,21,7,7,1,6,7,12,1,13,1,0,12,37,5,5,13,6,1,0,3,1,0,0,251,476,0,0,62,130,19,91,0.23,0.40,42%,58%,5,6,3,3,1,2,3,7,1,4,1,0,6,23,3,2,0,0,5,3,0,1,0,0,163,221,0,0,41,52,12,31
173,17.12.2023,RODADA 16,AC Milan,Monza,3,0,2,0,1,0,2.27,1.58,45%,55%,17,21,9,4,5,11,8,11,4,5,3,0,8,5,4,6,0,0,8,8,1,2,0,0,417,512,0,0,86,104,30,67,1.17,0.62,54%,46%,10,10,6,1,3,5,1,2,2,2,2,0,1,2,1,4,0,0,3,4,1,0,0,0,258,215,0,0,41,41,17,33
174,16.12.2023,RODADA 16,Torino,Empoli,1,0,1,0,0,0,1.55,0.32,53%,47%,10,7,3,2,5,4,12,17,6,4,2,2,25,14,2,2,0,0,15,10,4,2,0,0,445,411,0,0,97,97,49,31,1.51,0.23,61%,39%,8,3,3,2,4,1,7,9,3,2,1,2,9,7,2,2,0,0,7,5,1,0,0,0,261,172,0,0,49,45,31,10
175,16.12.2023,RODADA 16,Napoli,Cagliari,2,1,0,0,2,1,2.87,1.22,67%,33%,21,9,5,3,11,5,11,18,5,3,5,1,19,13,2,3,0,0,9,10,5,3,0,0,558,269,0,0,120,67,73,33,1.22,0.46,77%,23%,15,4,3,1,9,2,8,7,3,3,3,1,10,7,1,3,0,0,1,7,2,2,0,0,316,96,0,0,68,25,43,11
176,16.12.2023,RODADA 16,Lecce,Frosinone,2,1,1,1,1,0,0.74,1.58,40%,60%,18,11,6,5,10,4,10,10,5,4,5,0,11,19,4,4,0,0,8,14,1,4,0,0,310,473,0,0,117,108,41,44,0.25,0.93,44%,56%,6,5,2,3,3,1,7,3,1,2,3,0,4,8,2,1,0,0,5,11,0,3,0,0,153,200,0,0,61,52,21,17
177,15.12.2023,RODADA 16,Genoa,Juventus,1,1,0,1,1,0,1.00,1.83,47%,53%,11,11,3,4,7,4,16,14,6,8,0,3,14,23,3,2,0,0,14,12,2,3,0,0,320,411,0,0,65,110,48,44,0.41,1.23,48%,52%,6,5,1,2,5,2,7,6,4,2,0,2,8,10,1,1,0,0,0,0,6,4,0,0,192,212,0,0,37,58,29,18
178,11.12.2023,RODADA 15,Cagliari,Sassuolo,2,1,0,1,2,0,1.21,1.04,60%,40%,18,8,6,4,10,2,17,16,10,4,2,2,36,16,3,4,15,15,0,1,1,7,0,0,373,269,0,0,102,69,59,30,0.56,0.87,53%,47%,6,6,2,4,4,1,7,9,5,4,1,0,15,9,3,2,0,0,9,7,0,3,0,0,180,168,0,0,49,39,21,20
179,11.12.2023,RODADA 15,Empoli,Lecce,1,1,0,0,1,1,0.58,0.53,55%,45%,18,14,6,5,8,5,19,17,8,3,3,2,29,13,4,5,0,0,14,18,2,2,0,0,418,343,0,0,101,76,48,21,0.58,0.53,58%,42%,5,8,1,3,3,3,8,6,4,3,1,1,15,7,3,1,0,0,6,7,1,1,0,0,221,158,0,0,51,40,20,13
180,10.12.2023,RODADA 15,AS Roma,Fiorentina,1,1,1,0,0,1,0.68,1.56,34%,66%,4,14,1,8,2,5,11,14,1,6,1,0,7,10,7,0,14,14,2,1,5,3,0,0,316,596,0,0,53,171,14,80,0.51,1.00,41%,59%,3,4,1,2,2,2,4,7,0,2,1,0,5,3,2,0,0,0,7,7,2,0,0,0,208,294,0,0,33,79,3,20
181,10.12.2023,RODADA 15,Salernitana,Bologna,1,2,0,2,1,0,0.41,2.18,35%,65%,9,10,2,5,3,3,17,21,5,1,0,2,12,20,3,1,0,0,20,15,7,2,0,0,341,687,0,0,88,118,38,31,0.14,1.50,30%,70%,3,8,0,4,1,2,6,9,2,1,0,0,8,8,2,0,0,0,9,6,4,1,0,0,156,377,0,0,35,61,12,16
182,10.12.2023,RODADA 15,Monza,Genoa,1,0,0,0,1,0,0.40,1.42,51%,49%,6,16,3,1,1,10,13,13,2,3,2,0,15,23,1,2,0,0,11,13,1,2,0,0,445,419,0,0,83,92,31,36,0.16,0.20,49%,51%,3,5,0,0,1,2,4,5,2,1,1,0,6,13,0,0,0,0,3,4,0,1,0,0,250,253,0,0,38,49,19,17
183,10.12.2023,RODADA 15,Frosinone,Torino,0,0,0,0,0,0,0.69,1.10,52%,48%,11,16,5,3,3,8,20,15,3,8,0,3,22,17,3,5,0,0,13,17,3,3,0,0,442,386,0,0,89,127,27,56,0.37,0.34,52%,48%,5,5,2,0,2,4,7,9,2,3,0,1,14,10,0,2,0,0,9,6,2,1,0,0,211,188,0,0,42,60,14,24
184,09.12.2023,RODADA 15,Inter,Udinese,4,0,3,0,1,0,3.33,0.69,74%,26%,17,11,8,1,6,4,6,10,6,1,1,1,17,14,1,4,0,0,9,6,0,1,0,0,792,274,0,0,162,52,80,26,0.95,0.27,76%,24%,15,2,6,0,6,1,1,5,5,0,0,0,12,6,0,3,0,0,5,2,0,1,0,0,336,113,0,0,72,20,50,9
185,09.12.2023,RODADA 15,Atalanta,AC Milan,3,2,1,1,2,1,3.29,1.18,42%,58%,19,14,7,4,5,6,12,12,6,4,1,1,9,20,2,4,11,11,0,1,1,5,0,0,415,576,0,0,77,122,46,37,0.86,0.44,34%,66%,4,8,2,2,1,3,2,6,2,4,0,1,4,7,1,1,0,0,0,0,6,1,0,0,176,362,0,0,24,73,13,25
186,09.12.2023,RODADA 15,Verona,Lazio,1,1,0,1,1,0,0.61,1.02,29%,71%,5,14,1,5,3,5,13,18,1,7,2,2,11,24,4,0,16,11,1,0,2,4,0,0,244,614,0,0,90,113,21,42,0.03,0.65,28%,72%,2,3,0,1,1,1,6,9,1,3,0,1,7,15,0,0,0,0,10,5,1,1,0,0,126,332,0,0,39,58,15,15
187,08.12.2023,RODADA 15,Juventus,Napoli,1,0,0,0,1,0,1.26,1.41,34%,66%,11,13,2,1,6,9,13,13,3,6,2,2,21,29,1,1,0,0,11,12,2,4,0,0,289,581,0,0,79,125,40,65,0.99,0.76,33%,67%,6,4,1,0,4,3,7,8,1,4,1,1,8,15,0,1,0,0,7,7,0,1,0,0,144,307,0,0,40,58,14,27
188,04.12.2023,RODADA 14,Torino,Atalanta,3,0,1,0,2,0,1.91,0.52,54%,46%,9,10,5,4,4,2,13,15,4,3,2,1,21,18,4,2,0,0,12,14,2,2,0,0,480,395,0,0,102,99,48,36,0.68,0.20,58%,42%,4,5,2,2,2,1,5,10,3,0,2,0,9,8,2,1,0,0,7,6,2,1,0,0,276,205,0,0,54,46,22,15
189,03.12.2023,RODADA 14,Napoli,Inter,0,3,0,1,0,2,1.14,3.16,57%,43%,15,11,4,4,6,5,17,5,6,4,3,4,22,13,1,4,0,0,2,13,2,2,0,0,538,395,0,0,136,87,56,32,0.24,0.53,58%,42%,8,5,2,2,4,2,7,1,3,3,1,3,9,6,1,2,0,0,0,0,0,4,0,0,321,226,0,0,79,51,30,21
190,03.12.2023,RODADA 14,Sassuolo,AS Roma,1,2,1,0,0,2,0.94,2.17,34%,66%,8,15,2,7,4,3,16,9,1,11,0,2,12,14,5,1,10,11,1,0,4,1,0,0,314,615,0,0,56,113,12,52,0.75,0.28,31%,69%,5,7,2,2,2,0,8,2,0,6,0,1,10,9,2,1,0,0,0,0,2,6,0,0,158,341,0,0,38,69,4,29
191,03.12.2023,RODADA 14,Fiorentina,Salernitana,3,0,2,0,1,0,2.51,0.67,58%,42%,22,11,9,1,5,4,13,13,3,2,2,3,15,15,1,6,0,0,13,12,1,0,0,0,522,382,0,0,131,74,85,26,1.68,0.10,53%,47%,14,2,4,0,4,0,7,7,2,1,0,2,8,9,0,2,0,0,8,6,1,0,0,0,211,183,0,0,56,27,42,9
192,03.12.2023,RODADA 14,Udinese,Verona,3,3,2,1,1,2,1.94,1.29,39%,61%,12,13,6,4,5,5,13,18,5,3,3,1,19,25,1,3,0,0,16,13,2,5,0,0,260,401,0,0,83,124,24,56,1.08,0.96,39%,61%,4,8,3,2,1,3,7,11,1,1,1,0,11,15,1,1,0,0,11,7,2,2,0,0,137,214,0,0,34,69,8,26
193,03.12.2023,RODADA 14,Lecce,Bologna,1,1,0,0,1,1,1.34,0.93,43%,57%,14,11,4,4,4,5,19,13,6,3,0,1,19,15,3,3,0,0,12,18,3,2,0,0,391,550,0,0,93,101,48,48,0.49,0.25,47%,53%,8,3,3,1,2,1,11,7,3,0,0,0,12,7,1,3,0,0,7,10,1,0,0,0,211,251,0,0,52,46,26,14
194,02.12.2023,RODADA 14,AC Milan,Frosinone,3,1,1,0,2,1,0.94,0.73,48%,52%,10,15,3,3,4,6,6,11,6,7,1,0,17,21,2,0,0,0,11,6,1,1,0,0,407,462,0,0,90,98,34,62,0.36,0.27,53%,47%,6,8,1,2,3,4,3,5,5,3,1,0,8,7,2,0,0,0,0,0,4,3,0,0,236,215,0,0,55,41,23,25
195,02.12.2023,RODADA 14,Lazio,Cagliari,1,0,1,0,0,0,1.96,0.29,61%,39%,10,9,5,2,4,5,12,16,4,3,5,1,16,27,2,4,11,12,0,1,0,2,0,0,617,374,0,0,114,87,55,38,0.84,0.16,63%,37%,5,4,3,1,2,3,7,7,1,0,3,1,10,15,1,2,4,6,0,1,0,1,0,0,315,178,0,0,63,36,23,21
196,02.12.2023,RODADA 14,Genoa,Empoli,1,1,1,0,0,1,1.05,1.02,51%,49%,21,9,1,1,14,5,18,21,5,3,3,0,23,34,0,0,0,0,15,19,3,1,0,0,378,378,0,0,109,88,59,44,0.53,0.13,52%,48%,11,4,1,0,8,3,8,7,1,0,1,0,9,18,0,0,0,0,5,10,0,1,0,0,209,199,0,0,49,49,22,19
197,01.12.2023,RODADA 14,Monza,Juventus,1,2,0,1,1,1,0.83,2.96,66%,34%,16,18,1,7,7,6,10,12,7,3,0,2,21,15,5,0,0,0,12,8,1,2,0,0,668,350,0,0,142,71,74,31,0.31,1.69,63%,37%,5,10,0,4,1,5,6,5,3,2,0,1,12,10,3,0,0,0,6,5,1,1,0,0,303,176,0,0,62,35,22,14
198,27.11.2023,RODADA 13,Bologna,Torino,2,0,0,0,2,0,1.67,0.39,49%,51%,13,9,2,3,6,3,17,17,3,2,1,2,24,24,3,0,0,0,16,15,3,4,0,0,397,426,0,0,108,95,48,24,0.16,0.19,51%,49%,3,5,0,1,2,2,10,8,1,2,0,1,17,4,1,0,0,0,8,8,2,1,0,0,200,205,0,0,59,46,30,15
199,27.11.2023,RODADA 13,Verona,Lecce,2,2,1,1,1,1,1.85,1.17,49%,51%,19,14,11,5,7,5,18,14,4,2,0,1,26,21,3,9,0,0,15,17,1,2,0,0,359,383,0,0,116,104,42,27,0.62,0.79,43%,57%,5,9,3,3,2,3,10,9,2,1,0,0,9,7,2,2,0,0,9,10,1,2,0,0,168,222,0,0,52,58,13,14
200,26.11.2023,RODADA 13,Juventus,Inter,1,1,1,1,0,0,0.55,0.72,35%,65%,4,8,1,4,3,4,12,10,1,0,0,0,14,16,3,0,0,0,12,13,2,1,0,0,389,747,0,0,97,115,20,37,0.42,0.49,34%,66%,4,7,1,3,3,4,3,5,1,0,0,0,9,8,2,0,0,0,5,4,1,0,0,0,181,374,0,0,49,54,11,11
201,26.11.2023,RODADA 13,AS Roma,Udinese,3,1,1,0,2,1,0.30,0.23,64%,36%,12,6,5,2,6,4,15,11,7,1,3,1,17,11,1,2,0,0,8,15,1,3,0,0,560,312,0,0,109,75,57,26,0.30,0.23,70%,30%,3,2,2,0,1,2,9,7,4,0,0,0,5,3,0,1,0,0,7,9,1,3,0,0,328,143,0,0,65,32,27,4
202,26.11.2023,RODADA 13,Empoli,Sassuolo,3,4,2,2,1,2,1.28,2.57,49%,51%,11,17,9,9,1,3,14,24,6,5,4,0,17,21,5,6,0,0,20,15,4,2,0,0,359,377,0,0,72,92,37,48,0.91,0.98,48%,52%,6,7,4,5,1,1,5,11,5,2,1,0,10,10,3,2,0,0,10,6,2,1,0,0,192,205,0,0,41,46,20,21
203,26.11.2023,RODADA 13,Frosinone,Genoa,2,1,1,1,1,0,0.67,1.13,58%,42%,9,13,5,3,1,10,14,7,4,2,1,0,25,18,2,3,0,0,5,14,2,3,0,0,568,411,0,0,111,88,40,55,0.12,0.88,53%,47%,4,7,2,2,1,5,6,2,0,2,1,0,11,8,1,1,0,0,1,6,0,2,0,0,269,244,0,0,69,44,16,22
204,26.11.2023,RODADA 13,Cagliari,Monza,1,1,1,0,0,1,1.67,0.67,39%,61%,17,12,6,4,7,2,17,11,10,11,1,2,10,13,3,5,0,0,10,15,1,2,0,0,312,526,0,0,85,98,38,48,1.13,0.23,47%,53%,13,6,6,2,5,0,7,4,9,4,1,0,8,6,2,5,0,0,3,7,1,0,0,0,194,232,0,0,50,45,19,22
205,25.11.2023,RODADA 13,AC Milan,Fiorentina,1,0,1,0,0,0,1.66,1.84,42%,58%,9,20,6,4,1,7,11,10,3,11,1,1,22,24,4,5,0,0,9,10,1,2,0,0,369,502,0,0,84,133,31,68,1.00,0.10,52%,48%,7,3,4,1,1,2,4,4,3,2,0,1,15,12,1,3,0,0,4,3,0,2,0,0,243,220,0,0,44,58,19,16
206,25.11.2023,RODADA 13,Atalanta,Napoli,1,2,0,1,1,1,0.26,1.37,44%,56%,16,11,5,4,4,2,14,18,5,4,4,3,28,31,2,4,0,0,15,9,2,2,0,0,390,511,0,0,114,113,59,39,0.26,1.37,35%,65%,4,8,2,3,1,1,5,9,1,4,2,1,8,14,2,2,0,0,8,4,1,1,0,0,159,306,0,0,42,67,20,24
207,25.11.2023,RODADA 13,Salernitana,Lazio,2,1,0,1,2,0,1.55,1.76,38%,62%,13,13,6,2,5,6,14,13,4,9,2,0,13,29,1,4,0,0,11,12,5,3,0,0,316,525,0,0,91,112,30,36,0.10,0.90,40%,60%,5,5,1,2,3,0,6,4,3,5,0,0,4,18,1,1,0,0,5,6,1,1,0,0,162,251,0,0,45,57,18,15
208,12.11.2023,RODADA 12,Inter,Frosinone,2,0,1,0,1,0,2.88,0.55,47%,53%,21,12,6,3,9,6,15,7,9,4,0,0,18,20,3,4,0,0,7,16,0,1,0,0,480,544,0,0,81,127,52,50,1.31,0.18,48%,52%,7,7,3,1,3,3,8,3,7,3,0,0,8,9,1,2,0,0,0,0,3,8,0,0,253,275,0,0,49,60,26,26
209,12.11.2023,RODADA 12,Lazio,AS Roma,0,0,0,0,0,0,0.58,0.39,49%,51%,7,8,2,1,3,5,12,12,4,1,0,2,7,16,1,2,0,0,12,13,3,4,0,0,494,508,0,0,90,87,28,33,0.44,0.27,56%,44%,3,5,1,1,2,4,8,4,2,0,0,2,5,10,1,1,0,0,3,8,1,3,0,0,286,222,0,0,54,40,11,11
210,12.11.2023,RODADA 12,Fiorentina,Bologna,2,1,1,1,1,0,1.57,2.05,39%,61%,12,11,4,4,2,4,15,12,0,3,1,2,11,18,3,2,0,0,19,15,2,2,0,0,321,489,0,0,123,85,27,40,0.23,1.08,48%,52%,7,5,2,2,1,3,6,6,0,0,1,1,6,11,1,1,0,0,8,6,1,2,0,0,203,216,0,0,67,32,13,14
211,12.11.2023,RODADA 12,Udinese,Atalanta,1,1,1,0,0,1,1.50,0.69,34%,66%,13,8,4,2,4,4,15,15,7,7,2,2,20,24,1,3,0,0,13,13,2,3,0,0,287,554,0,0,108,123,41,37,1.07,0.16,34%,66%,7,3,2,1,3,1,8,6,4,5,0,2,11,10,1,1,0,0,6,6,1,1,0,0,155,295,0,0,43,62,18,16
212,12.11.2023,RODADA 12,Napoli,Empoli,0,1,0,0,0,1,0.86,0.43,65%,35%,18,8,7,3,8,2,18,12,8,3,1,5,31,23,2,7,0,0,11,13,1,1,0,0,570,302,0,0,125,89,93,44,0.23,0.22,66%,34%,7,3,3,1,4,2,8,3,1,2,1,2,19,6,1,3,0,0,0,0,2,6,0,0,311,159,0,0,69,45,53,22
213,11.11.2023,RODADA 12,Monza,Torino,1,1,0,0,1,1,1.11,0.97,44%,56%,12,12,5,5,4,5,12,11,3,1,0,1,14,12,4,4,0,0,11,11,2,2,0,0,416,532,0,0,75,126,28,51,0.59,0.61,40%,60%,6,7,2,3,4,2,5,6,1,1,0,0,3,6,3,2,0,0,0,0,6,5,0,0,197,299,0,0,25,74,7,29
214,11.11.2023,RODADA 12,Juventus,Cagliari,2,1,0,0,2,1,3.02,0.54,49%,51%,18,11,4,2,11,6,10,16,12,4,2,1,25,23,1,2,0,0,14,8,3,1,0,0,388,415,0,0,103,78,58,28,0.35,0.45,52%,48%,7,7,0,0,5,4,3,7,7,2,2,0,14,9,0,0,0,0,0,0,4,3,0,0,190,181,0,0,52,31,30,15
215,11.11.2023,RODADA 12,Lecce,AC Milan,2,2,0,2,2,0,1.31,1.08,45%,55%,14,10,5,6,8,3,15,12,3,1,0,0,24,18,4,3,12,16,0,1,4,6,0,0,351,436,0,0,103,98,47,39,0.47,0.89,52%,48%,6,6,3,3,2,2,7,8,1,1,0,0,17,9,1,3,0,0,8,8,1,1,0,0,191,175,0,0,61,41,20,18
216,10.11.2023,RODADA 12,Genoa,Verona,1,0,1,0,0,0,1.49,0.23,49%,51%,16,7,6,1,6,3,17,11,6,7,2,1,26,21,1,5,0,0,9,16,1,4,0,0,367,373,0,0,98,93,41,39,0.53,0.05,54%,46%,7,2,2,0,3,1,9,6,3,3,0,1,18,8,0,1,0,0,6,8,0,1,0,0,226,190,0,0,54,41,18,13
217,10.11.2023,RODADA 12,Sassuolo,Salernitana,2,2,1,2,1,0,3.22,0.91,64%,36%,29,9,9,2,12,5,17,14,11,0,1,3,23,23,0,7,0,0,12,14,2,1,0,0,583,349,0,0,165,89,68,24,1.13,0.73,67%,33%,9,3,3,2,4,0,9,7,6,0,0,1,7,14,0,2,0,0,7,8,0,1,0,0,310,158,0,0,81,37,32,9
218,06.11.2023,RODADA 11,Torino,Sassuolo,2,1,1,1,1,0,3.40,0.42,53%,47%,21,5,9,2,7,3,7,11,9,2,3,0,29,21,1,7,0,0,9,6,1,1,0,0,452,403,0,0,101,84,52,22,1.89,0.14,59%,41%,13,2,6,1,4,1,5,6,5,0,2,0,12,10,0,5,0,0,0,0,4,4,0,0,254,183,0,0,44,40,27,10
219,06.11.2023,RODADA 11,Frosinone,Empoli,2,1,0,0,2,1,0.93,1.27,64%,36%,17,10,5,2,7,4,12,8,9,2,2,1,25,14,1,3,0,0,7,9,3,2,0,0,581,328,0,0,140,70,81,27,0.28,0.76,62%,38%,6,4,0,0,2,2,3,5,5,2,2,0,12,7,0,0,0,0,3,1,3,1,0,0,287,173,0,0,66,33,35,20
220,05.11.2023,RODADA 11,Fiorentina,Juventus,0,1,0,1,0,0,0.70,0.57,68%,32%,25,4,4,3,11,0,25,13,9,2,1,4,24,17,2,4,0,0,12,21,1,3,0,0,533,261,0,0,144,65,109,21,0.21,0.12,73%,27%,12,1,3,1,5,0,11,6,5,0,1,0,17,10,0,3,0,0,5,10,0,1,0,0,283,105,0,0,79,23,46,9
221,05.11.2023,RODADA 11,AS Roma,Lecce,2,1,0,0,2,1,2.06,0.76,61%,39%,15,15,5,4,4,4,12,20,5,2,1,2,18,23,3,3,0,0,18,11,3,5,0,0,505,333,0,0,111,125,61,36,1.30,0.21,58%,42%,10,5,2,0,2,2,5,10,3,0,1,0,11,14,0,2,0,0,8,6,0,2,0,0,230,173,0,0,52,59,33,14
222,05.11.2023,RODADA 11,Cagliari,Genoa,2,1,0,0,2,1,0.65,1.21,40%,60%,12,8,4,2,6,4,13,19,1,1,5,2,28,22,1,2,0,0,14,11,4,2,0,0,350,519,0,0,98,127,31,39,0.15,0.33,38%,62%,4,4,0,0,3,2,8,9,0,1,2,2,21,11,0,0,0,0,8,5,0,1,0,0,171,280,0,0,52,70,11,15
223,05.11.2023,RODADA 11,Verona,Monza,1,3,0,1,1,2,0.65,0.78,46%,54%,16,12,5,6,6,4,12,6,2,6,0,0,18,16,3,4,0,0,6,12,1,2,0,0,511,492,0,0,101,87,34,37,0.12,0.57,42%,58%,5,7,2,3,2,4,9,1,0,4,0,0,9,8,2,2,0,0,1,9,0,2,0,0,184,262,0,0,41,45,13,17
224,04.11.2023,RODADA 11,AC Milan,Udinese,0,1,0,0,0,1,0.80,1.45,72%,28%,14,12,5,2,6,6,18,13,11,5,1,4,24,13,1,5,0,0,13,14,1,2,0,0,546,209,0,0,139,63,61,39,0.15,0.28,74%,26%,4,5,2,0,2,3,9,6,3,0,1,1,13,4,0,2,0,0,4,8,1,0,0,0,333,109,0,0,70,37,26,19
225,04.11.2023,RODADA 11,Atalanta,Inter,1,2,0,1,1,1,0.90,1.37,54%,46%,14,10,4,4,5,4,14,15,6,1,2,2,19,13,2,3,13,9,1,0,4,1,0,0,515,444,0,0,126,111,62,30,0.25,0.81,50%,50%,5,3,1,2,2,0,7,7,3,1,1,0,8,6,1,1,0,0,8,5,2,0,0,0,241,256,0,0,60,51,27,12
226,04.11.2023,RODADA 11,Salernitana,Napoli,0,2,0,1,0,1,0.31,1.47,41%,59%,10,21,3,8,2,7,13,13,8,9,3,5,12,14,6,3,0,0,15,10,1,1,0,0,365,542,0,0,107,104,32,48,0.21,0.64,38%,62%,8,8,3,4,2,2,4,2,3,5,1,1,4,6,3,3,0,0,0,0,6,4,0,0,192,315,0,0,43,57,13,28
227,03.11.2023,RODADA 11,Bologna,Lazio,1,0,0,0,1,0,0.76,0.56,50%,50%,6,11,2,1,2,4,8,12,2,6,0,0,30,22,1,1,0,0,12,8,2,5,0,0,537,536,0,0,77,131,30,50,0.08,0.37,56%,44%,2,5,0,1,2,2,3,5,0,2,0,0,17,11,1,0,0,0,5,3,0,1,0,0,333,259,0,0,36,61,11,21
228,30.10.2023,RODADA 10,Lazio,Fiorentina,1,0,0,0,1,0,1.84,0.42,47%,53%,11,9,4,5,5,4,16,17,0,4,5,0,24,17,5,3,0,0,12,17,3,3,0,0,454,516,0,0,75,118,26,41,0.23,0.22,42%,58%,2,3,0,2,2,1,8,9,0,2,2,0,9,7,2,0,0,0,7,8,2,2,0,0,211,300,0,0,38,51,10,22
229,30.10.2023,RODADA 10,Empoli,Atalanta,0,3,0,2,0,1,0.37,1.68,44%,56%,9,18,2,6,5,8,15,13,3,6,3,1,32,26,3,2,0,0,10,13,4,0,0,0,418,541,0,0,99,97,45,48,0.08,1.21,41%,59%,4,10,1,4,2,4,6,7,1,1,1,1,20,12,2,1,0,0,6,5,2,0,0,0,197,280,0,0,51,54,27,20
230,29.10.2023,RODADA 10,Napoli,AC Milan,2,2,0,2,2,0,1.78,1.95,48%,52%,17,20,4,6,8,7,10,14,6,4,0,0,18,18,4,2,14,10,1,0,4,3,0,0,432,474,0,0,86,82,44,45,0.40,1.48,49%,51%,6,12,0,4,5,1,4,4,3,3,0,0,9,7,2,0,0,0,0,0,4,4,0,0,252,261,0,0,38,44,20,27
231,29.10.2023,RODADA 10,Inter,AS Roma,1,0,0,0,1,0,2.08,0.12,63%,37%,19,3,3,1,9,1,12,14,8,0,1,1,20,12,1,2,0,0,14,9,3,4,0,0,569,353,0,0,134,86,79,13,1.25,0.00,65%,35%,12,0,1,0,5,0,4,5,4,0,0,0,13,8,0,1,0,0,6,3,1,1,0,0,324,188,0,0,70,43,41,3
232,29.10.2023,RODADA 10,Monza,Udinese,1,1,1,0,0,1,0.35,1.16,60%,40%,10,10,4,3,1,3,11,20,10,3,2,0,20,9,2,3,0,0,15,11,2,1,0,0,559,371,0,0,121,94,63,33,0.27,0.12,56%,44%,5,4,3,0,0,2,4,10,2,1,1,0,13,5,0,2,0,0,9,4,1,0,0,0,271,206,0,0,53,52,17,17
233,29.10.2023,RODADA 10,Cagliari,Frosinone,4,3,0,2,4,1,3.33,1.39,47%,53%,24,10,6,6,9,3,9,9,5,7,1,3,19,19,3,2,0,0,8,7,1,4,0,0,400,477,0,0,111,83,62,23,2.02,1.31,39%,61%,9,7,1,4,6,2,3,7,0,5,1,1,5,9,2,1,0,0,6,3,0,1,0,0,148,246,0,0,46,52,28,17
234,28.10.2023,RODADA 10,Juventus,Verona,1,0,0,0,1,0,0.72,0.20,55%,45%,30,7,6,1,17,6,9,13,5,1,1,1,15,18,1,5,0,0,13,8,3,2,0,0,506,424,0,0,140,80,61,21,0.72,0.20,52%,48%,11,4,2,1,5,3,6,10,2,0,1,1,9,8,1,2,0,0,10,5,1,1,0,0,238,212,0,0,60,39,19,13
235,28.10.2023,RODADA 10,Lecce,Torino,0,1,0,1,0,0,0.40,0.71,49%,51%,11,10,6,2,2,6,19,18,3,0,1,0,25,17,1,6,0,0,17,19,3,5,0,0,421,458,0,0,100,98,48,37,0.25,0.39,42%,58%,6,5,4,1,1,3,12,11,0,0,1,0,10,10,0,4,0,0,10,12,2,3,0,0,161,229,0,0,37,45,12,14
236,28.10.2023,RODADA 10,Sassuolo,Bologna,1,1,1,1,0,0,0.84,0.97,41%,59%,17,9,6,5,8,1,12,13,6,2,1,2,20,13,4,5,0,0,11,10,1,4,0,0,394,594,0,0,124,90,57,35,0.30,0.51,42%,58%,8,4,2,3,5,0,0,0,1,1,0,0,1,0,2,1,0,0,0,0,7,5,0,0,210,309,0,0,71,49,25,11
237,27.10.2023,RODADA 10,Genoa,Salernitana,1,0,1,0,0,0,0.51,0.68,52%,48%,8,7,4,2,3,3,20,14,7,0,2,4,21,26,2,3,0,0,11,19,3,4,0,0,415,394,0,0,95,116,30,37,0.43,0.07,68%,32%,7,2,4,1,3,1,10,7,4,0,2,1,14,12,1,3,0,0,5,10,2,2,0,0,255,123,0,0,52,46,15,10
238,23.10.2023,RODADA 9,Fiorentina,Empoli,0,2,0,1,0,1,0.99,1.29,72%,28%,19,7,7,3,7,2,22,15,13,3,2,5,29,19,1,7,0,0,13,17,1,3,0,0,589,234,0,0,129,51,115,19,0.43,0.78,65%,35%,5,5,3,2,2,1,12,3,1,3,1,2,15,14,1,3,0,0,0,0,2,9,0,0,282,155,0,0,65,28,36,16
239,23.10.2023,RODADA 9,Udinese,Lecce,1,1,0,0,1,1,2.20,0.79,44%,56%,12,12,6,1,3,8,19,13,2,7,2,2,33,21,0,5,0,0,11,15,3,5,0,0,316,389,0,0,105,105,49,50,0.15,0.18,46%,54%,4,6,3,0,1,4,11,6,0,4,2,1,13,12,0,3,0,0,4,8,1,1,0,0,182,204,0,0,55,60,14,33
240,22.10.2023,RODADA 9,AC Milan,Juventus,0,1,0,0,0,1,0.35,1.18,52%,48%,7,14,1,4,3,6,20,14,6,3,0,2,23,23,3,1,12,16,1,0,1,4,0,0,434,412,0,0,104,103,43,58,0.34,0.65,62%,38%,6,5,1,0,2,3,6,7,4,1,0,1,14,12,0,1,7,3,0,0,1,0,0,0,236,145,0,0,62,42,26,21
241,22.10.2023,RODADA 9,Atalanta,Genoa,2,0,0,0,2,0,1.29,0.58,57%,43%,13,15,8,4,1,9,10,17,8,4,1,1,13,27,4,6,0,0,17,9,4,2,0,0,553,409,0,0,120,119,36,30,0.39,0.22,65%,35%,7,4,4,1,0,2,4,6,5,1,0,0,6,15,1,4,0,0,8,4,1,0,0,0,332,180,0,0,67,48,23,15
242,22.10.2023,RODADA 9,Bologna,Frosinone,2,1,2,0,0,1,1.46,1.35,55%,45%,12,12,6,5,5,6,13,9,4,5,1,1,19,20,4,4,10,14,0,1,2,2,0,0,473,383,0,0,83,81,38,54,1.04,0.33,53%,47%,6,7,4,4,2,3,7,4,3,2,0,0,11,11,4,2,0,0,0,0,4,6,0,0,252,229,0,0,34,44,16,25
243,22.10.2023,RODADA 9,Salernitana,Cagliari,2,2,0,0,2,2,1.58,1.73,48%,52%,13,13,2,6,9,4,15,15,8,5,1,3,26,18,4,0,0,0,11,12,3,4,0,0,321,348,0,0,95,81,40,52,0.28,0.55,51%,49%,6,5,0,2,5,3,6,1,4,3,0,3,14,9,2,0,0,0,0,0,1,3,0,0,171,168,0,0,57,42,29,26
244,22.10.2023,RODADA 9,AS Roma,Monza,1,0,0,0,1,0,1.64,0.46,51%,49%,21,11,4,4,6,5,13,15,8,5,3,2,19,9,4,3,11,11,0,1,2,4,0,0,441,434,0,0,102,94,70,32,0.94,0.06,46%,54%,8,2,2,0,2,1,6,9,3,2,2,1,8,5,0,2,6,5,0,1,0,3,0,0,227,267,0,0,43,58,33,15
245,21.10.2023,RODADA 9,Sassuolo,Lazio,0,2,0,2,0,0,0.39,2.12,51%,49%,9,18,2,6,4,10,15,6,5,7,0,4,21,19,4,2,0,0,6,10,1,5,0,0,515,488,0,0,116,78,36,52,0.01,1.55,45%,55%,1,8,0,4,0,4,8,3,3,3,0,2,10,16,2,0,0,0,3,6,1,2,0,0,220,263,0,0,46,41,12,25
246,21.10.2023,RODADA 9,Torino,Inter,0,3,0,0,0,3,0.37,2.47,46%,54%,7,14,3,4,2,6,8,12,2,4,1,0,18,16,1,3,0,0,13,8,1,2,0,0,380,456,0,0,109,72,47,32,0.16,0.64,47%,53%,3,7,3,1,0,4,1,7,1,0,1,0,11,11,1,3,0,0,0,0,7,1,0,0,248,289,0,0,68,51,21,22
247,21.10.2023,RODADA 9,Verona,Napoli,1,3,0,2,1,1,0.86,2.27,40%,60%,15,22,9,10,6,6,8,11,5,8,0,2,23,11,7,8,0,0,12,9,3,2,0,0,324,523,0,0,92,104,35,52,0.30,0.87,34%,66%,3,11,2,6,1,2,4,7,3,6,0,0,7,5,4,2,0,0,8,4,2,1,0,0,136,277,0,0,35,55,6,30
248,08.10.2023,RODADA 8,Napoli,Fiorentina,1,3,1,1,0,2,1.55,1.46,54%,46%,16,12,4,3,6,5,17,6,6,4,2,3,19,23,0,3,0,0,4,14,2,4,0,0,553,478,0,0,86,98,54,37,0.24,0.47,54%,46%,6,7,2,1,2,2,9,3,0,2,2,2,9,12,0,1,0,0,1,8,0,1,0,0,290,242,0,0,30,49,16,19
249,08.10.2023,RODADA 8,Cagliari,AS Roma,1,4,0,2,1,2,1.88,2.44,58%,42%,16,11,2,5,10,2,11,16,4,3,1,1,20,15,1,1,0,0,15,13,2,3,0,0,467,359,0,0,120,73,61,27,0.42,1.64,45%,55%,6,5,1,3,3,1,6,8,2,2,0,1,6,10,1,1,0,0,8,6,1,3,0,0,177,226,0,0,46,44,18,18
250,08.10.2023,RODADA 8,Frosinone,Verona,2,1,1,0,1,1,1.24,0.77,53%,47%,11,16,2,4,8,9,13,9,2,4,0,1,20,25,3,0,0,0,9,12,1,4,0,0,431,374,0,0,98,121,74,57,0.98,0.08,61%,39%,8,3,1,0,6,1,7,8,2,2,0,1,10,13,0,0,0,0,7,8,1,3,0,0,228,141,0,0,43,47,17,19
251,08.10.2023,RODADA 8,Lazio,Atalanta,3,2,2,1,1,1,1.80,0.98,46%,54%,12,12,4,4,4,6,14,9,4,6,3,2,18,16,2,1,0,0,7,10,1,1,0,0,459,532,0,0,96,93,21,38,1.12,0.47,44%,56%,8,6,2,1,2,4,4,3,2,2,1,0,9,7,0,0,0,0,0,0,3,4,0,0,239,301,0,0,50,48,9,15
252,08.10.2023,RODADA 8,Monza,Salernitana,3,0,2,0,1,0,3.12,0.49,58%,42%,16,8,7,5,5,2,18,8,7,7,0,2,16,17,5,4,0,0,8,16,1,2,0,0,491,353,0,0,78,123,18,38,1.02,0.07,62%,38%,10,3,5,2,3,1,6,6,1,0,0,0,9,6,2,3,0,0,6,6,1,0,0,0,304,186,0,0,42,64,10,10
253,07.10.2023,RODADA 8,Genoa,AC Milan,0,1,0,0,0,1,0.49,0.97,41%,59%,7,12,1,3,2,4,17,10,3,2,0,3,11,17,2,1,10,13,1,1,3,5,0,0,376,549,0,0,90,109,38,49,0.08,0.14,42%,58%,2,4,0,1,1,2,8,4,1,1,0,2,3,10,1,0,0,0,4,6,0,2,0,0,210,296,0,0,36,60,9,27
254,07.10.2023,RODADA 8,Juventus,Torino,2,0,0,0,2,0,2.04,0.75,50%,50%,17,10,6,1,4,7,8,12,7,3,2,0,13,22,1,4,0,0,10,8,1,1,0,0,425,427,0,0,84,118,30,45,0.43,0.43,58%,42%,8,5,1,0,3,4,5,5,3,2,2,0,12,17,0,1,0,0,3,5,0,1,0,0,244,182,0,0,46,48,11,20
255,07.10.2023,RODADA 8,Inter,Bologna,2,2,2,1,0,1,0.69,1.37,62%,38%,14,8,5,3,4,3,9,12,7,7,2,1,25,14,1,3,0,0,11,9,2,3,0,0,600,358,0,0,132,95,60,18,0.16,0.91,58%,42%,5,5,4,2,1,2,2,5,4,3,0,0,10,7,1,2,0,0,6,2,0,1,0,0,307,217,0,0,68,41,27,8
256,06.10.2023,RODADA 8,Lecce,Sassuolo,1,1,0,1,1,0,1.48,1.68,42%,58%,13,14,4,1,8,8,14,9,5,3,2,0,23,27,0,3,0,0,9,15,2,3,0,0,334,466,0,0,90,118,37,54,0.46,1.01,45%,55%,7,6,3,1,4,3,8,6,3,1,1,0,10,13,0,3,0,0,7,8,1,2,0,0,174,220,0,0,49,56,27,25
257,06.10.2023,RODADA 8,Empoli,Udinese,0,0,0,0,0,0,1.23,0.61,59%,41%,18,11,3,1,8,7,15,14,5,7,3,0,35,23,1,3,0,0,11,15,1,2,0,0,438,294,0,0,108,66,61,46,0.58,0.54,58%,42%,7,7,2,0,4,5,4,4,3,4,2,0,22,14,0,2,0,0,0,0,2,4,0,0,225,152,0,0,48,31,26,28
258,02.10.2023,RODADA 7,Fiorentina,Cagliari,3,0,2,0,1,0,1.19,0.80,60%,40%,14,6,2,4,5,2,10,9,4,2,1,2,19,12,4,0,0,0,10,10,1,1,0,0,594,388,0,0,113,88,50,41,0.48,0.66,70%,30%,9,4,1,3,4,1,3,4,2,1,1,0,10,3,3,0,0,0,0,0,4,3,0,0,341,143,0,0,58,34,35,14
259,02.10.2023,RODADA 7,Sassuolo,Monza,0,1,0,0,0,1,1.51,1.62,43%,57%,19,13,7,4,6,4,15,9,7,4,1,4,18,15,3,7,0,0,0,0,8,10,0,0,382,502,0,0,72,93,43,60,1.00,0.11,44%,56%,12,4,4,1,4,1,8,4,6,1,1,3,9,7,1,4,0,0,0,0,3,5,0,0,189,244,0,0,42,49,22,26
260,02.10.2023,RODADA 7,Torino,Verona,0,0,0,0,0,0,0.57,0.26,55%,45%,8,5,2,2,5,1,10,6,10,1,1,1,29,19,2,2,0,0,6,11,1,1,0,0,415,361,0,0,116,97,46,26,0.26,0.11,53%,47%,2,3,2,0,0,1,5,5,8,1,1,0,16,9,0,2,0,0,4,4,0,1,0,0,204,183,0,0,49,46,22,15
261,01.10.2023,RODADA 7,AS Roma,Frosinone,2,0,1,0,1,0,0.46,0.91,50%,50%,11,8,5,0,5,6,14,14,7,3,2,2,20,12,0,3,0,0,12,11,1,2,0,0,449,455,0,0,98,105,44,25,0.10,0.74,51%,49%,2,5,2,0,0,5,6,9,4,2,2,1,8,10,0,1,0,0,0,0,7,5,0,0,227,225,0,0,52,50,20,14
262,01.10.2023,RODADA 7,Atalanta,Juventus,0,0,0,0,0,0,1.31,0.17,52%,48%,15,5,2,3,9,0,8,15,5,2,0,1,26,9,3,2,0,0,13,7,1,2,0,0,543,524,0,0,112,95,65,27,0.34,0.15,47%,53%,4,4,0,2,1,0,5,4,1,2,0,1,20,7,2,0,0,0,4,4,0,1,0,0,252,292,0,0,50,56,21,13
263,01.10.2023,RODADA 7,Udinese,Genoa,2,2,1,2,1,0,0.72,0.66,59%,41%,11,8,2,4,5,3,14,13,5,0,1,2,24,26,2,0,12,12,1,0,2,2,0,0,418,298,0,0,115,84,44,27,0.28,0.25,49%,51%,3,4,1,2,0,1,7,9,0,0,1,1,10,11,0,0,0,0,8,6,2,1,0,0,195,204,0,0,57,49,17,15
264,01.10.2023,RODADA 7,Bologna,Empoli,3,0,1,0,2,0,2.61,1.00,58%,42%,21,12,9,4,10,4,17,13,2,6,2,1,27,12,4,6,0,0,11,16,2,4,0,0,512,357,0,0,89,97,35,61,1.28,0.36,56%,44%,12,6,4,3,7,1,7,2,2,2,1,1,15,6,3,3,0,0,1,6,1,3,0,0,256,194,0,0,48,48,23,31
265,30.09.2023,RODADA 7,Salernitana,Inter,0,4,0,0,0,4,0.64,2.36,36%,64%,12,16,3,6,4,4,11,13,3,3,2,1,14,19,2,3,0,0,12,10,2,1,0,0,324,585,0,0,117,112,31,40,0.51,0.78,32%,68%,9,10,1,1,3,3,7,6,1,3,1,1,7,10,1,1,0,0,5,6,0,1,0,0,143,291,0,0,51,61,11,28
266,30.09.2023,RODADA 7,AC Milan,Lazio,2,0,0,0,2,0,1.87,0.45,50%,50%,14,13,7,4,2,5,7,19,7,1,2,2,22,17,4,5,0,0,15,5,3,2,0,0,477,482,0,0,103,95,56,24,0.71,0.28,58%,42%,4,7,2,3,1,2,2,8,3,1,1,0,15,9,3,2,0,0,0,0,6,2,0,0,269,202,0,0,58,40,29,7
267,30.09.2023,RODADA 7,Lecce,Napoli,0,4,0,1,0,3,0.32,1.25,44%,56%,9,15,4,6,4,5,9,11,3,7,3,1,15,20,2,4,0,0,11,11,3,2,0,0,392,507,0,0,92,101,63,59,0.17,0.44,38%,62%,4,8,1,2,3,3,5,6,2,4,2,0,7,13,1,1,0,0,4,5,1,2,0,0,174,303,0,0,48,59,30,33
268,28.09.2023,RODADA 6,Genoa,AS Roma,4,1,2,1,2,0,1.26,1.48,29%,71%,8,13,4,3,1,6,15,6,1,7,0,2,16,28,2,0,0,0,7,12,4,3,0,0,272,664,0,0,61,124,31,60,0.23,0.28,34%,66%,3,3,2,1,0,2,7,3,0,1,0,1,3,9,0,0,0,0,3,5,2,1,0,0,181,349,0,0,34,58,13,12
269,28.09.2023,RODADA 6,Frosinone,Fiorentina,1,1,0,1,1,0,0.63,1.13,52%,48%,11,19,3,6,3,6,16,8,8,10,2,5,23,21,5,2,0,0,6,11,3,3,0,0,434,401,0,0,74,116,43,56,0.17,1.13,50%,50%,5,14,1,4,0,5,8,2,6,5,0,3,7,12,3,1,0,0,2,5,0,1,0,0,218,220,0,0,23,67,14,29
270,28.09.2023,RODADA 6,Monza,Bologna,0,0,0,0,0,0,0.79,0.54,48%,52%,12,7,3,5,5,0,14,11,7,5,2,2,9,13,5,3,9,13,0,1,5,3,0,0,460,520,0,0,99,119,47,50,0.13,0.14,44%,56%,2,2,1,2,0,0,6,4,2,2,2,2,6,5,2,1,0,0,2,4,0,1,0,0,251,330,0,0,46,73,23,32
271,27.09.2023,RODADA 6,Inter,Sassuolo,1,2,1,0,0,2,0.65,0.88,63%,37%,13,13,3,6,6,5,13,13,8,6,3,4,29,9,4,2,0,0,10,8,0,1,0,0,578,346,0,0,130,80,63,36,0.34,0.09,66%,34%,8,5,1,3,4,2,4,6,6,4,2,1,14,4,3,0,0,0,0,0,4,3,0,0,320,164,0,0,67,37,39,14
272,27.09.2023,RODADA 6,Lazio,Torino,2,0,0,0,2,0,0.77,0.23,50%,50%,6,7,3,2,2,3,14,11,4,2,0,1,14,10,2,1,0,0,12,13,1,4,0,0,518,512,0,0,106,100,37,34,0.07,0.15,54%,46%,2,4,1,2,1,1,8,5,3,2,0,0,6,7,2,1,0,0,5,8,0,2,0,0,279,241,0,0,61,53,18,12
273,27.09.2023,RODADA 6,Napoli,Udinese,4,1,2,0,2,1,3.16,1.01,66%,34%,23,13,10,3,9,7,9,12,8,4,0,0,20,11,2,6,0,0,11,10,1,1,0,0,576,288,0,0,93,81,57,40,1.78,0.37,72%,28%,10,7,6,1,3,5,3,5,5,0,0,0,11,7,1,4,0,0,0,0,4,4,0,0,325,131,0,0,49,41,34,18
274,27.09.2023,RODADA 6,Cagliari,AC Milan,1,3,1,2,0,1,0.80,2.17,33%,67%,16,17,6,6,4,7,7,11,3,5,0,1,14,10,3,5,0,0,13,6,3,1,0,0,307,631,0,0,58,106,44,60,0.27,2.15,26%,74%,3,13,2,4,0,6,1,3,0,4,0,1,5,7,2,1,0,0,3,0,1,0,0,0,129,372,0,0,23,74,18,47
275,27.09.2023,RODADA 6,Empoli,Salernitana,1,0,1,0,0,0,2.59,0.50,40%,60%,13,14,6,2,5,5,15,25,10,2,4,1,34,25,2,5,0,0,18,13,2,1,0,0,296,456,0,0,98,98,48,46,1.84,0.01,47%,53%,8,1,3,0,4,0,8,11,5,2,1,1,18,8,0,2,0,0,9,7,1,1,0,0,184,220,0,0,51,35,18,18
276,27.09.2023,RODADA 6,Verona,Atalanta,0,1,0,1,0,0,0.59,1.23,51%,49%,11,8,2,2,6,5,22,11,4,1,1,3,24,22,1,2,0,0,10,25,2,3,0,0,413,400,0,0,133,86,34,41,0.09,0.25,50%,50%,3,3,1,1,2,1,12,3,2,0,1,3,13,11,0,1,0,0,0,0,2,13,0,0,220,221,0,0,76,40,17,21
277,26.09.2023,RODADA 6,Juventus,Lecce,1,0,0,0,1,0,1.49,0.07,51%,49%,14,2,5,0,5,2,16,14,5,1,0,1,20,25,0,4,14,15,0,1,2,5,0,0,451,443,0,0,96,108,53,25,0.47,0.00,50%,50%,9,0,4,0,3,0,5,10,2,0,0,0,13,12,0,4,0,0,10,4,0,1,0,0,240,245,0,0,44,59,30,11
278,24.09.2023,RODADA 5,Torino,AS Roma,1,1,0,0,1,1,0.37,0.23,42%,58%,13,11,4,3,7,6,5,5,7,1,1,0,13,30,2,3,0,0,4,5,0,2,0,0,383,556,0,0,97,83,44,43,0.20,0.10,42%,58%,7,3,2,0,3,3,2,2,4,0,1,0,9,13,0,2,0,0,0,0,2,2,0,0,205,303,0,0,51,39,14,16
279,24.09.2023,RODADA 5,Bologna,Napoli,0,0,0,0,0,0,0,0,49%,51%,4,12,2,4,1,6,14,17,5,5,2,2,22,23,4,2,0,0,16,12,4,5,0,0,445,460,0,0,86,103,33,62,0,0,45%,55%,0,7,0,2,0,4,6,7,1,1,1,1,14,13,2,0,0,0,6,5,1,1,0,0,240,292,0,0,40,67,12,39
280,24.09.2023,RODADA 5,Atalanta,Cagliari,2,0,1,0,1,0,1.43,0.66,56%,44%,10,11,6,1,2,7,10,10,7,7,5,1,18,25,1,4,0,0,6,11,1,2,0,0,526,403,0,0,106,105,66,40,0.96,0.08,62%,38%,8,3,4,1,2,2,5,5,5,2,3,0,9,14,1,3,0,0,3,6,0,2,0,0,288,175,0,0,52,52,42,11
281,24.09.2023,RODADA 5,Udinese,Fiorentina,0,2,0,1,0,1,2.22,0.43,49%,51%,20,6,8,2,5,3,9,11,10,3,1,1,21,24,0,8,0,0,13,11,0,1,0,0,373,411,0,0,104,109,46,45,1.09,0.24,45%,55%,12,3,5,1,2,2,4,5,5,1,1,1,7,17,0,5,0,0,4,4,0,1,0,0,168,209,0,0,47,46,22,15
282,24.09.2023,RODADA 5,Empoli,Inter,0,1,0,0,0,1,0.32,1.87,39%,61%,7,23,1,6,3,11,12,15,3,6,0,1,16,31,5,1,0,0,15,11,2,2,0,0,349,554,0,0,82,114,28,70,0.05,0.80,36%,64%,3,13,0,4,2,8,7,9,1,3,0,1,6,13,4,0,0,0,9,6,1,1,0,0,164,288,0,0,36,54,6,46
283,23.09.2023,RODADA 5,Lazio,Monza,1,1,1,1,0,0,0.92,0.92,49%,51%,8,16,1,4,4,10,8,16,1,3,3,2,24,17,3,0,0,0,13,7,2,2,0,0,512,549,0,0,115,109,65,25,0.74,0.69,41%,59%,1,8,1,2,0,5,4,9,0,1,2,1,16,9,1,0,0,0,7,4,0,2,0,0,211,302,0,0,31,35,22,22
284,23.09.2023,RODADA 5,Sassuolo,Juventus,4,2,2,1,2,1,0.95,1.06,43%,57%,18,15,7,2,7,10,10,12,6,3,0,2,25,24,1,3,0,0,13,8,4,2,0,0,353,477,0,0,93,89,44,50,0.45,0.87,41%,59%,8,9,4,0,2,6,5,5,1,0,0,1,13,17,0,2,0,0,6,4,0,1,0,0,176,254,0,0,39,48,15,31
285,23.09.2023,RODADA 5,AC Milan,Verona,1,0,1,0,0,0,0.97,0.63,54%,46%,9,10,4,2,2,5,12,16,2,3,1,1,17,18,2,3,0,0,12,11,4,2,0,0,460,373,0,0,96,101,34,36,0.58,0.32,59%,41%,5,5,1,1,2,3,6,7,2,1,0,1,9,7,1,0,0,0,6,5,1,1,0,0,269,184,0,0,57,40,17,8
286,22.09.2023,RODADA 5,Lecce,Genoa,1,0,0,0,1,0,0.89,0.50,56%,44%,18,8,3,1,10,5,10,13,4,3,1,0,24,27,1,2,12,10,0,1,1,3,0,0,434,346,0,0,102,79,58,31,0.37,0.05,45%,55%,6,2,1,0,4,1,7,6,1,1,1,0,14,16,0,1,5,7,0,1,0,3,0,0,175,220,0,0,42,47,24,13
287,22.09.2023,RODADA 5,Salernitana,Frosinone,1,1,0,1,1,0,1.05,0.70,49%,51%,19,9,6,3,8,4,15,16,8,6,4,3,22,21,2,5,0,0,12,12,2,2,0,0,382,399,0,0,95,70,65,36,0.61,0.41,46%,54%,9,4,1,2,5,2,9,7,1,4,3,1,10,15,1,1,0,0,4,8,0,2,0,0,176,202,0,0,56,27,25,16
288,18.09.2023,RODADA 4,Verona,Bologna,0,0,0,0,0,0,0.45,0.80,39%,61%,9,11,1,4,5,5,12,23,3,4,5,1,15,16,4,1,0,0,18,10,4,2,0,0,346,544,0,0,95,87,34,26,0.31,0.12,46%,54%,6,4,1,2,4,2,5,12,3,2,4,0,8,8,2,1,0,0,8,5,1,1,0,0,189,220,0,0,56,39,25,9
289,18.09.2023,RODADA 4,Salernitana,Torino,0,3,0,2,0,1,0.49,1.61,56%,44%,14,11,4,3,8,3,18,14,1,2,2,2,23,11,0,4,0,0,12,16,2,2,0,0,506,401,0,0,97,114,51,53,0.16,0.59,55%,45%,4,6,2,2,2,1,9,8,0,1,1,1,11,5,0,2,0,0,7,8,1,0,0,0,247,197,0,0,47,63,21,27
290,17.09.2023,RODADA 4,AS Roma,Empoli,7,0,3,0,4,0,2.11,0.34,53%,47%,14,8,9,2,2,4,7,16,2,6,2,2,17,12,2,2,0,0,15,5,2,2,0,0,571,480,0,0,72,126,30,47,1.00,0.18,55%,45%,6,6,3,1,2,3,2,7,1,5,2,1,6,6,1,0,0,0,5,2,2,1,0,0,280,215,0,0,33,55,16,20
291,17.09.2023,RODADA 4,Fiorentina,Atalanta,3,2,2,1,1,1,1.09,0.73,57%,43%,15,11,8,4,4,4,16,8,3,4,0,2,27,27,2,5,0,0,8,14,1,2,0,0,505,383,0,0,142,90,61,37,0.40,0.19,59%,41%,6,6,4,2,1,3,11,4,1,3,0,2,19,20,1,2,0,0,4,8,0,1,0,0,223,157,0,0,66,43,25,20
292,17.09.2023,RODADA 4,Frosinone,Sassuolo,4,2,1,2,3,0,2.74,1.07,55%,45%,16,18,6,7,8,5,10,15,5,6,5,2,16,18,5,2,0,0,10,9,4,2,0,0,441,364,0,0,89,82,53,46,1.52,0.75,61%,39%,7,10,2,5,4,2,7,10,2,3,4,1,7,10,3,1,0,0,5,8,1,1,0,0,253,168,0,0,56,32,18,10
293,17.09.2023,RODADA 4,Monza,Lecce,1,1,1,1,0,0,2.36,0.84,61%,39%,25,4,6,3,12,1,9,19,10,1,1,0,29,3,2,5,17,11,1,1,6,1,0,0,516,343,0,0,126,92,96,33,0.90,0.84,45%,55%,11,3,2,3,4,0,4,6,4,1,0,0,18,2,2,1,0,0,7,5,2,1,0,0,200,244,0,0,38,61,27,25
294,17.09.2023,RODADA 4,Cagliari,Udinese,0,0,0,0,0,0,1.77,0.79,44%,56%,10,11,1,1,7,9,12,15,4,6,3,1,29,11,1,1,12,11,1,0,2,1,0,0,357,454,0,0,95,96,40,44,0.71,0.39,44%,56%,5,6,0,0,4,5,7,6,2,2,2,1,13,8,0,0,0,0,0,0,4,6,0,0,169,224,0,0,51,44,15,18
295,16.09.2023,RODADA 4,Genoa,Napoli,2,2,1,0,1,2,1.23,0.99,34%,66%,8,12,3,4,4,3,11,15,3,1,1,3,17,22,2,1,0,0,14,8,3,2,0,0,303,610,0,0,81,139,34,65,0.40,0.44,37%,63%,4,5,2,0,2,2,5,8,1,0,1,1,13,7,0,1,0,0,7,4,2,1,0,0,160,294,0,0,35,69,23,23
296,16.09.2023,RODADA 4,Inter,AC Milan,5,1,2,0,3,1,2.29,0.86,40%,60%,14,9,7,2,3,4,15,18,5,0,2,2,16,12,1,3,0,0,16,13,0,0,0,0,2,2,0,0,58,105,34,38,0.79,0.03,28%,72%,6,3,1,1,2,0,7,9,4,0,1,2,6,5,1,0,0,0,6,4,0,0,0,0,0,1,21,61,0,0,13,29
297,16.09.2023,RODADA 4,Juventus,Lazio,3,1,2,0,1,1,2.38,0.67,36%,64%,17,16,7,5,9,5,12,14,7,9,1,0,12,9,4,4,0,0,13,13,5,1,0,0,348,619,0,0,64,122,33,60,0.85,0.22,34%,66%,8,7,4,4,3,1,6,7,3,7,1,0,6,5,4,2,0,0,6,7,2,0,0,0,170,332,0,0,31,65,14,30
298,03.09.2023,RODADA 3,Empoli,Juventus,0,2,0,1,0,1,0.32,2.92,50%,50%,7,18,0,5,5,6,14,15,3,7,2,1,17,13,3,0,0,0,14,13,3,3,0,0,447,468,0,0,99,92,49,67,0.12,1.54,47%,53%,4,10,0,4,2,2,7,8,2,4,1,0,9,3,3,0,0,0,8,7,1,1,0,0,201,234,0,0,41,47,30,26
299,03.09.2023,RODADA 3,Lecce,Salernitana,2,0,1,0,1,0,1.72,0.98,45%,55%,20,11,6,4,4,6,10,16,6,5,0,1,25,22,4,4,0,0,17,15,3,3,0,0,328,396,0,0,107,107,50,40,0.31,0.12,49%,51%,8,5,2,2,2,2,5,12,0,2,0,0,16,10,2,1,0,0,12,10,2,1,0,0,166,172,0,0,45,50,20,22
300,03.09.2023,RODADA 3,Inter,Fiorentina,4,0,1,0,3,0,4.05,0.41,40%,60%,21,6,11,2,8,1,11,13,1,1,0,1,15,21,2,7,0,0,13,12,1,1,0,0,349,527,0,0,81,104,29,42,1.77,0.02,44%,56%,10,2,5,0,5,1,5,5,1,0,0,0,8,12,0,4,0,0,5,5,1,1,0,0,202,259,0,0,49,54,19,12
301,03.09.2023,RODADA 3,Torino,Genoa,1,0,0,0,1,0,0.46,0.08,63%,37%,10,7,3,2,5,3,10,18,4,0,5,2,15,11,2,2,0,0,13,7,2,5,0,0,493,304,0,0,123,82,58,21,0.20,0.02,66%,34%,4,2,2,1,1,0,5,9,2,0,2,2,9,7,1,2,0,0,7,3,0,3,0,0,278,137,0,0,67,33,33,5
302,02.09.2023,RODADA 3,Atalanta,Monza,3,0,2,0,1,0,0.67,0.30,41%,59%,18,8,8,2,5,5,10,15,7,3,4,1,15,22,2,5,0,0,11,9,0,3,0,0,428,626,0,0,98,96,69,31,0.34,0.14,45%,55%,9,6,3,2,3,3,7,5,5,2,2,1,9,8,2,1,0,0,3,6,0,1,0,0,220,273,0,0,53,40,33,14
303,02.09.2023,RODADA 3,Napoli,Lazio,1,2,1,1,0,1,1.10,0.60,61%,39%,22,6,4,2,8,3,11,11,7,2,4,3,19,7,0,3,0,0,8,9,0,2,0,0,598,387,0,0,136,57,70,27,0.84,0.30,58%,42%,13,2,4,1,4,0,6,5,4,2,2,0,10,3,0,3,0,0,3,6,0,1,0,0,285,212,0,0,67,28,29,13
304,02.09.2023,RODADA 3,Bologna,Cagliari,2,1,0,1,2,0,1.23,0.30,72%,28%,16,7,7,1,6,5,13,10,5,2,1,1,23,20,0,5,0,0,9,13,1,2,0,0,725,271,0,0,157,58,65,37,0.51,0.23,71%,29%,6,1,2,1,2,0,8,6,3,1,0,1,13,8,0,2,0,0,6,7,1,0,0,0,353,135,0,0,76,32,32,18
305,02.09.2023,RODADA 3,Udinese,Frosinone,0,0,0,0,0,0,1.86,1.51,47%,53%,12,12,6,2,4,6,12,14,3,5,0,2,26,21,2,6,0,0,14,9,2,2,0,0,347,395,0,0,103,100,53,57,0.52,0.81,51%,49%,5,4,3,0,1,4,6,5,1,3,0,1,19,5,0,3,0,0,5,5,0,1,0,0,215,205,0,0,61,47,30,29
306,01.09.2023,RODADA 3,AS Roma,AC Milan,1,2,0,1,1,1,0.39,1.62,43%,57%,13,9,2,4,7,1,13,15,3,5,1,1,11,7,2,1,14,15,0,1,2,4,0,0,399,544,0,0,115,87,28,28,0.04,1.42,32%,68%,3,6,0,2,3,1,8,4,0,4,0,1,8,5,1,0,0,0,5,7,0,2,0,0,157,326,0,0,47,53,3,16
307,01.09.2023,RODADA 3,Sassuolo,Verona,3,1,1,0,2,1,1.43,0.59,47%,53%,16,11,7,3,4,8,16,8,10,1,1,4,24,15,2,4,0,0,8,13,1,3,0,0,375,446,0,0,88,96,45,27,0.48,0.59,52%,48%,10,6,3,0,2,6,12,3,5,1,0,4,14,7,0,2,0,0,3,8,1,2,0,0,190,177,0,0,42,43,25,12
308,28.08.2023,RODADA 2,Cagliari,Inter,0,2,0,2,0,0,0.49,0.89,33%,67%,12,17,2,3,4,9,12,10,4,7,1,2,17,15,1,2,0,0,9,10,1,1,0,0,331,673,0,0,99,133,45,50,0.30,0.86,31%,69%,6,12,1,3,3,6,5,3,2,7,0,0,7,9,1,1,0,0,0,0,3,5,0,0,143,314,0,0,44,65,15,28
309,28.08.2023,RODADA 2,Salernitana,Udinese,1,1,0,0,1,1,0.47,0.71,56%,44%,9,14,4,6,4,4,20,14,7,5,1,1,14,13,5,3,0,0,12,19,4,4,0,0,428,334,0,0,85,93,36,39,0.04,0.42,55%,45%,3,10,0,3,2,3,8,4,1,4,1,1,7,8,3,0,0,0,0,0,3,7,0,0,204,164,0,0,43,57,16,27
310,27.08.2023,RODADA 2,Lazio,Genoa,0,1,0,1,0,0,0.93,0.51,70%,30%,16,5,2,3,10,1,16,8,15,1,0,0,29,13,2,2,0,0,9,16,4,2,0,0,722,312,0,0,193,63,101,19,0.01,0.38,69%,31%,3,4,0,3,1,0,6,3,7,1,0,0,17,5,2,0,0,0,4,6,1,1,0,0,405,184,0,0,98,30,42,6
311,27.08.2023,RODADA 2,Napoli,Sassuolo,2,0,1,0,1,0,2.91,0.08,67%,33%,25,6,5,1,12,3,7,9,12,4,4,0,12,6,1,3,9,10,0,1,0,1,0,0,652,328,0,0,117,71,82,31,1.40,0.00,60%,40%,7,3,1,1,4,2,3,5,6,3,1,0,7,5,1,0,0,0,6,4,0,1,0,0,301,205,0,0,50,41,32,23
312,27.08.2023,RODADA 2,Fiorentina,Lecce,2,2,2,0,0,2,0,0,58%,42%,9,6,4,2,3,1,16,16,3,3,1,1,23,20,0,2,0,0,13,12,1,3,0,0,357,262,0,0,116,82,54,37,0,0,57%,43%,4,2,3,0,1,0,8,8,2,2,1,1,10,8,0,1,0,0,5,7,0,1,0,0,215,154,0,0,68,44,20,18
313,27.08.2023,RODADA 2,Juventus,Bologna,1,1,0,1,1,0,0,0,59%,41%,14,9,3,4,7,4,13,17,6,2,4,0,23,16,3,2,0,0,14,13,2,1,0,0,497,356,0,0,119,77,73,29,0,0,60%,40%,4,7,1,2,1,4,5,7,1,1,3,0,13,6,1,1,0,0,5,5,1,1,0,0,295,194,0,0,60,36,30,15
314,26.08.2023,RODADA 2,AC Milan,Torino,4,1,3,1,1,0,3.38,0.46,59%,41%,17,8,7,1,8,6,16,16,2,1,1,2,12,9,0,3,0,0,13,16,2,3,0,0,495,336,0,0,92,82,32,36,1.02,0.30,60%,40%,11,5,4,1,6,3,8,8,1,0,1,0,9,5,0,1,0,0,6,9,1,1,0,0,243,164,0,0,45,35,25,10
315,26.08.2023,RODADA 2,Verona,AS Roma,2,1,2,0,0,1,0.74,1.49,28%,72%,5,23,3,7,1,12,15,18,1,12,0,3,16,22,6,1,17,12,1,0,1,3,0,0,204,500,0,0,85,89,20,66,0.64,0.61,26%,74%,4,11,3,2,1,7,7,8,0,6,0,2,10,11,2,1,0,0,8,5,0,1,0,0,100,269,0,0,33,44,7,32
316,26.08.2023,RODADA 2,Frosinone,Atalanta,2,1,2,0,0,1,0.70,1.43,37%,63%,13,18,5,6,4,8,11,10,3,7,1,1,21,25,5,3,0,0,10,10,1,2,0,0,369,617,0,0,93,137,31,70,0.34,0.39,46%,54%,7,5,4,0,1,3,7,6,1,0,1,1,10,9,0,2,0,0,6,6,1,2,0,0,245,284,0,0,61,60,22,26
317,26.08.2023,RODADA 2,Monza,Empoli,2,0,1,0,1,0,2.03,1.07,54%,46%,20,18,5,6,9,8,9,15,6,5,2,1,28,20,6,3,0,0,14,7,1,2,0,0,482,417,0,0,121,82,58,48,0.74,0.19,52%,48%,10,4,3,0,3,3,7,8,3,2,1,1,15,6,0,2,0,0,7,7,1,1,0,0,241,226,0,0,64,45,35,22
318,21.08.2023,RODADA 1,Bologna,AC Milan,0,2,0,2,0,0,1.06,1.00,53%,47%,17,10,5,6,7,2,6,12,3,6,2,2,13,13,4,5,0,0,10,4,2,2,0,0,545,480,0,0,111,96,39,33,0.48,0.53,55%,45%,9,7,1,3,5,2,2,6,1,3,0,1,8,7,1,1,0,0,6,1,1,0,0,0,270,218,0,0,48,41,17,15
319,21.08.2023,RODADA 1,Torino,Cagliari,0,0,0,0,0,0,0.98,0.36,57%,43%,11,8,2,2,6,5,14,9,8,3,1,2,21,18,2,2,0,0,8,12,1,1,0,0,448,338,0,0,125,69,46,38,0.73,0.20,61%,39%,5,5,1,1,4,4,5,5,5,1,1,1,12,7,1,1,0,0,4,4,1,0,0,0,234,151,0,0,58,39,27,16
320,20.08.2023,RODADA 1,Lecce,Lazio,2,1,0,1,2,0,1.64,1.75,48%,52%,23,10,7,4,8,3,17,14,5,2,2,1,19,12,3,5,0,0,12,16,3,2,0,0,456,514,0,0,98,103,79,36,0.16,0.85,41%,59%,5,5,1,2,3,1,6,6,4,0,0,0,10,3,1,1,0,0,0,0,6,6,0,0,227,338,0,0,44,61,36,22
321,20.08.2023,RODADA 1,Udinese,Juventus,0,3,0,3,0,0,0.82,1.79,48%,52%,18,9,5,4,6,3,14,15,7,3,3,4,16,9,1,5,0,0,12,10,1,3,0,0,430,476,0,0,108,84,50,31,0.26,1.71,45%,55%,9,8,1,4,3,2,9,5,1,2,1,3,3,7,1,1,0,0,4,5,1,2,0,0,205,257,0,0,44,49,17,18
322,20.08.2023,RODADA 1,AS Roma,Salernitana,2,2,1,1,1,1,1.84,0.14,60%,40%,13,3,3,2,7,1,8,13,9,1,1,1,28,20,0,1,0,0,12,9,0,4,0,0,475,328,0,0,92,80,61,15,1.18,0.11,56%,44%,7,2,2,1,3,1,2,7,4,0,1,1,11,8,0,1,0,0,7,2,0,1,0,0,233,190,0,0,40,44,26,2
323,20.08.2023,RODADA 1,Sassuolo,Atalanta,0,2,0,0,0,2,0.54,1.15,49%,51%,11,16,3,6,4,8,16,9,7,7,0,2,13,17,4,3,0,0,0,0,9,13,0,0,489,483,0,0,91,89,28,68,0.11,0.52,52%,48%,4,8,2,4,0,2,7,7,5,5,0,1,8,9,4,2,0,0,0,0,7,6,0,0,269,238,0,0,38,34,17,31
324,19.08.2023,RODADA 1,Genoa,Fiorentina,1,4,0,3,1,1,0.18,0.86,32%,68%,4,9,2,5,2,2,14,16,3,4,2,1,14,17,1,1,0,0,14,13,2,3,0,0,289,656,0,0,85,117,32,51,0,0,32%,68%,0,6,0,4,0,1,10,7,1,1,2,0,7,11,1,0,0,0,5,9,1,2,0,0,143,329,0,0,44,55,10,13
325,19.08.2023,RODADA 1,Inter,Monza,2,0,1,0,1,0,2.88,0.54,48%,52%,22,12,3,2,12,6,13,8,8,3,1,1,9,14,2,1,0,0,8,13,1,1,0,0,473,525,0,0,97,102,61,47,1.24,0.23,46%,54%,12,7,2,1,7,3,4,3,4,2,0,0,6,7,1,1,0,0,3,4,1,1,0,0,239,290,0,0,47,56,23,25
326,19.08.2023,RODADA 1,Empoli,Verona,0,1,0,0,0,1,0.76,0.33,47%,53%,10,10,4,4,5,5,19,23,2,4,2,3,35,23,3,4,0,0,17,18,2,2,0,0,314,352,0,0,85,111,30,32,0.56,0.09,50%,50%,6,3,2,2,4,1,10,11,0,2,2,1,23,15,2,2,0,0,6,10,0,1,0,0,177,175,0,0,41,53,18,17
327,19.08.2023,RODADA 1,Frosinone,Napoli,1,3,1,2,0,1,1.01,1.42,48%,52%,4,19,1,8,2,4,18,17,4,6,3,3,8,9,5,0,0,0,14,17,3,3,0,0,438,476,0,0,72,95,20,33,0.90,0.56,50%,50%,3,8,1,3,1,1,9,5,3,3,0,2,2,4,1,0,0,0,5,9,2,3,0,0,217,221,0,0,38,42,16,13
